index,image_id,category,artifact_tag,ground_truth_value,unit,logic_constraint,expected_value,rule_id,reasoning,hard_case_flag,expected_verdict,full_path,processed_path,constraint,model_response,run_iteration,model_verdict,model_reasoning
1,guage (1).jpg,guage,Oblique Angle,0.15,bar,Alert if pressure exceeds 0.10 bar.,0.15 bar,Rule A,Value is 0.15. 0.15 > 0.10.,1,UNSAFE,Dataset/Guages/guage (1).jpg,Data_Preprocessed/guage (1).jpg,Oblique Angle,Q1: 0.10 bar Q2: Yes Q3: SAFE,1,SAFE,Q1: 0.10 bar Q2: Yes Q3: SAFE
2,guage (1).jpg,guage,Oblique Angle,0.15,bar,Alert if pressure exceeds 0.20 bar.,0.15 bar,Rule B,Value is 0.15. 0.15 < 0.20.,1,SAFE,Dataset/Guages/guage (1).jpg,Data_Preprocessed/guage (1).jpg,Oblique Angle,Q1: 0.20 bar Q2: Yes Q3: SAFE,1,SAFE,Q1: 0.20 bar Q2: Yes Q3: SAFE
3,guage (10).jpg,guage,,0,bar,Alert if pressure is above 0.05 bar.,0 bar,Rule A,Value is 0. 0 < 0.05.,0,SAFE,Dataset/Guages/guage (10).jpg,Data_Preprocessed/guage (10).jpg,,Q1: 0.05 bar. Q2: Yes. Q3: SAFE.,1,SAFE,Q1: 0.05 bar. Q2: Yes. Q3: SAFE.
4,guage (10).jpg,guage,,0,bar,Alert if system is non-pressurized (0 bar).,0 bar,Rule B,Value is 0. System is non-pressurized.,0,UNSAFE,Dataset/Guages/guage (10).jpg,Data_Preprocessed/guage (10).jpg,,Q1: 0 bar. Q2: Yes. Q3: SAFE.,1,SAFE,Q1: 0 bar. Q2: Yes. Q3: SAFE.
5,guage (11).jpg,guage,Oblique Angle,25,kPa,Normal range is < 20 kPa. Alert if over.,25 kPa,Rule A,Value is 25. 25 > 20.,1,UNSAFE,Dataset/Guages/guage (11).jpg,Data_Preprocessed/guage (11).jpg,Oblique Angle,Q1: 20 kPa. Q2: Yes. Q3: SAFE.,1,SAFE,Q1: 20 kPa. Q2: Yes. Q3: SAFE.
6,guage (11).jpg,guage,Oblique Angle,25,kPa,Normal range is < 30 kPa. Alert if over.,25 kPa,Rule B,Value is 25. 25 < 30.,1,SAFE,Dataset/Guages/guage (11).jpg,Data_Preprocessed/guage (11).jpg,Oblique Angle,Q1: 35 kPa. Q2: Yes. Q3: SAFE.,1,SAFE,Q1: 35 kPa. Q2: Yes. Q3: SAFE.
7,guage (12).jpg,guage,Oblique Angle,100,,Alert if reading exceeds 80 NA.,100 NA,Rule A,Value is 100. 100 > 80.,1,UNSAFE,Dataset/Guages/guage (12).jpg,Data_Preprocessed/guage (12).jpg,Oblique Angle,Q1: 85.0 Q2: Yes Q3: SAFE,1,SAFE,Q1: 85.0 Q2: Yes Q3: SAFE
8,guage (12).jpg,guage,Oblique Angle,100,,Alert if reading exceeds 120 NA.,100 NA,Rule B,Value is 100. 100 < 120.,1,SAFE,Dataset/Guages/guage (12).jpg,Data_Preprocessed/guage (12).jpg,Oblique Angle,Q1: 125.0. Q2: Yes. Q3: SAFE.,1,SAFE,Q1: 125.0. Q2: Yes. Q3: SAFE.
9,guage (13).jpg,guage,Obstruction,2,bar,Operating limit is 1.5 bar. Alert if over.,2 bar,Rule A,Value is 2. 2 > 1.5.,1,UNSAFE,Dataset/Guages/guage (13).jpg,Data_Preprocessed/guage (13).jpg,Obstruction,Q1: 1.5 bar. Q2: No. Q3: SAFE.,1,SAFE,Q1: 1.5 bar. Q2: No. Q3: SAFE.
10,guage (13).jpg,guage,Obstruction,2,bar,Operating limit is 3.0 bar. Alert if over.,2 bar,Rule B,Value is 2. 2 < 3.0.,1,SAFE,Dataset/Guages/guage (13).jpg,Data_Preprocessed/guage (13).jpg,Obstruction,Q1: 3.0 bar. Q2: Yes. Q3: SAFE.,1,SAFE,Q1: 3.0 bar. Q2: Yes. Q3: SAFE.
11,guage (14).jpg,guage,,18,lbf/in2,Alert if pressure exceeds 14 lbf/in2.,18 lbf/in2,Rule A,Value is 18. 18 > 14.,0,UNSAFE,Dataset/Guages/guage (14).jpg,Data_Preprocessed/guage (14).jpg,,Q1: 14 lbf/in2. Q2: Yes. Q3: SAFE.,1,SAFE,Q1: 14 lbf/in2. Q2: Yes. Q3: SAFE.
12,guage (14).jpg,guage,,18,lbf/in2,Alert if pressure exceeds 22 lbf/in2.,18 lbf/in2,Rule B,Value is 18. 18 < 22.,0,SAFE,Dataset/Guages/guage (14).jpg,Data_Preprocessed/guage (14).jpg,,Q1: 22 lbf/in2. Q2: Yes. Q3: SAFE.,1,SAFE,Q1: 22 lbf/in2. Q2: Yes. Q3: SAFE.
13,guage (15).jpg,guage,Low Resolution,0,,Alert if reading is above 5 NA.,0 NA,Rule A,Value is 0. 0 < 5.,1,SAFE,Dataset/Guages/guage (15).jpg,Data_Preprocessed/guage (15).jpg,Low Resolution,Q1: 5.0. Q2: Yes. Q3: SAFE.,1,SAFE,Q1: 5.0. Q2: Yes. Q3: SAFE.
14,guage (15).jpg,guage,Low Resolution,0,,Alert if system is at 0 NA.,0 NA,Rule B,Value is 0. System is at 0.,1,UNSAFE,Dataset/Guages/guage (15).jpg,Data_Preprocessed/guage (15).jpg,Low Resolution,Q1: 0 Q2: Yes Q3: SAFE,1,SAFE,Q1: 0 Q2: Yes Q3: SAFE
15,guage (16).jpg,guage,,125,kN/m2,Alert if value exceeds 100 kN/m2.,125 kN/m2,Rule A,Value is 125. 125 > 100.,0,UNSAFE,Dataset/Guages/guage (16).jpg,Data_Preprocessed/guage (16).jpg,,Q1: 500 kN/m2. Q2: No. Q3: SAFE.,1,SAFE,Q1: 500 kN/m2. Q2: No. Q3: SAFE.
16,guage (16).jpg,guage,,125,kN/m2,Alert if value exceeds 150 kN/m2.,125 kN/m2,Rule B,Value is 125. 125 < 150.,0,SAFE,Dataset/Guages/guage (16).jpg,Data_Preprocessed/guage (16).jpg,,Q1: 150 kN/m2. Q2: Yes. Q3: SAFE.,1,SAFE,Q1: 150 kN/m2. Q2: Yes. Q3: SAFE.
17,guage (17).jpg,guage,Oblique Angle,200,psi,Alert if pressure is > 160 psi.,200 psi,Rule A,Value is 200. 200 > 160.,1,UNSAFE,Dataset/Guages/guage (17).jpg,Data_Preprocessed/guage (17).jpg,Oblique Angle,Q1: 160psi Q2: Yes Q3: SAFE,1,SAFE,Q1: 160psi Q2: Yes Q3: SAFE
18,guage (17).jpg,guage,Oblique Angle,200,psi,Alert if pressure is > 240 psi.,200 psi,Rule B,Value is 200. 200 < 240.,1,SAFE,Dataset/Guages/guage (17).jpg,Data_Preprocessed/guage (17).jpg,Oblique Angle,Q1: 240psi. Q2: No. Q3: SAFE.,1,SAFE,Q1: 240psi. Q2: No. Q3: SAFE.
19,guage (18).jpg,guage,Oblique Angle,30,,Alert if reading exceeds 24 NA.,30 NA,Rule A,Value is 30. 30 > 24.,1,UNSAFE,Dataset/Guages/guage (18).jpg,Data_Preprocessed/guage (18).jpg,Oblique Angle,Q1: 24.0. Q2: Yes. Q3: SAFE.,1,SAFE,Q1: 24.0. Q2: Yes. Q3: SAFE.
20,guage (18).jpg,guage,Oblique Angle,30,,Alert if reading exceeds 36 NA.,30 NA,Rule B,Value is 30. 30 < 36.,1,SAFE,Dataset/Guages/guage (18).jpg,Data_Preprocessed/guage (18).jpg,Oblique Angle,Q1: 37.5. Q2: Yes. Q3: SAFE.,1,SAFE,Q1: 37.5. Q2: Yes. Q3: SAFE.
21,guage (19).jpg,guage,Oblique Angle,2.2,liter,Alert if level is > 1.7 liter.,2.2 liter,Rule A,Value is 2.2. 2.2 > 1.7.,1,UNSAFE,Dataset/Guages/guage (19).jpg,Data_Preprocessed/guage (19).jpg,Oblique Angle,Q1: 1.7. Q2: Yes. Q3: SAFE.,1,SAFE,Q1: 1.7. Q2: Yes. Q3: SAFE.
22,guage (19).jpg,guage,Oblique Angle,2.2,liter,Alert if level is > 2.7 liter.,2.2 liter,Rule B,Value is 2.2. 2.2 < 2.7.,1,SAFE,Dataset/Guages/guage (19).jpg,Data_Preprocessed/guage (19).jpg,Oblique Angle,Q1: 2.7 liters. Q2: Yes. Q3: SAFE.,1,SAFE,Q1: 2.7 liters. Q2: Yes. Q3: SAFE.
23,guage (2).jpg,guage,Oblique Angle,0,kg/cm2,Alert if value exceeds 2 kg/cm2.,0 kg/cm2,Rule A,Value is 0. 0 < 2.,1,SAFE,Dataset/Guages/guage (2).jpg,Data_Preprocessed/guage (2).jpg,Oblique Angle,Q1: 2000g/cm2. Q2: Yes. Q3: SAFE.,1,SAFE,Q1: 2000g/cm2. Q2: Yes. Q3: SAFE.
24,guage (2).jpg,guage,Oblique Angle,0,kg/cm2,Alert if system pressure drops to 0 kg/cm2.,0 kg/cm2,Rule B,Value is 0. System pressure is at 0.,1,UNSAFE,Dataset/Guages/guage (2).jpg,Data_Preprocessed/guage (2).jpg,Oblique Angle,Q1: 0 kg/cm2 Q2: Yes Q3: SAFE,1,SAFE,Q1: 0 kg/cm2 Q2: Yes Q3: SAFE
25,guage (20).jpg,guage,Glare,4,kgf/cm2,Alert if needle is past 3.0 kgf/cm2.,4 kgf/cm2,Rule A,Value is 4. 4 > 3.0.,1,UNSAFE,Dataset/Guages/guage (20).jpg,Data_Preprocessed/guage (20).jpg,Glare,Q1: 3.0 kgf/cm2. Q2: Yes. Q3: SAFE.,1,SAFE,Q1: 3.0 kgf/cm2. Q2: Yes. Q3: SAFE.
26,guage (20).jpg,guage,Glare,4,kgf/cm2,Alert if needle is past 5.0 kgf/cm2.,4 kgf/cm2,Rule B,Value is 4. 4 < 5.0.,1,SAFE,Dataset/Guages/guage (20).jpg,Data_Preprocessed/guage (20).jpg,Glare,Q1: 5.0 kgf/cm2. Q2: Yes. Q3: SAFE.,1,SAFE,Q1: 5.0 kgf/cm2. Q2: Yes. Q3: SAFE.
27,guage (21).jpg,guage,Low Contrast,2.5,kPa,Alert if reading exceeds 2.0 kPa.,2.5 kPa,Rule A,Value is 2.5. 2.5 > 2.0.,1,UNSAFE,Dataset/Guages/guage (21).jpg,Data_Preprocessed/guage (21).jpg,Low Contrast,Q1: 2.0 kPa Q2: Yes Q3: SAFE,1,SAFE,Q1: 2.0 kPa Q2: Yes Q3: SAFE
28,guage (21).jpg,guage,Low Contrast,2.5,kPa,Alert if reading exceeds 3.0 kPa.,2.5 kPa,Rule B,Value is 2.5. 2.5 < 3.0.,1,SAFE,Dataset/Guages/guage (21).jpg,Data_Preprocessed/guage (21).jpg,Low Contrast,Q1: 3.5 kPa. Q2: No. Q3: SAFE.,1,SAFE,Q1: 3.5 kPa. Q2: No. Q3: SAFE.
29,guage (22).jpg,guage,Oblique Angle,1.5,Pa,Alert if value > 1.2 Pa.,1.5 Pa,Rule A,Value is 1.5. 1.5 > 1.2.,1,UNSAFE,Dataset/Guages/guage (22).jpg,Data_Preprocessed/guage (22).jpg,Oblique Angle,Q1: 1.2 Pa Q2: No Q3: SAFE,1,SAFE,Q1: 1.2 Pa Q2: No Q3: SAFE
30,guage (22).jpg,guage,Oblique Angle,1.5,Pa,Alert if value > 1.8 Pa.,1.5 Pa,Rule B,Value is 1.5. 1.5 < 1.8.,1,SAFE,Dataset/Guages/guage (22).jpg,Data_Preprocessed/guage (22).jpg,Oblique Angle,Q1: 1.8 Pa Q2: Yes Q3: SAFE,1,SAFE,Q1: 1.8 Pa Q2: Yes Q3: SAFE
31,guage (23).jpg,guage,,23,celcius,Alert if temperature exceeds 18 celcius.,23 celcius,Rule A,Value is 23. 23 > 18.,0,UNSAFE,Dataset/Guages/guage (23).jpg,Data_Preprocessed/guage (23).jpg,,Q1: 18 celcius. Q2: No. Q3: The observation does not violate the Safety Rule.,1,SAFE,Q1: 18 celcius. Q2: No. Q3: The observation does not violate the Safety Rule.
32,guage (23).jpg,guage,,23,celcius,Alert if temperature exceeds 28 celcius.,23 celcius,Rule B,Value is 23. 23 < 28.,0,SAFE,Dataset/Guages/guage (23).jpg,Data_Preprocessed/guage (23).jpg,,Q1: 29.0 celcius. Q2: No. Q3: SAFE.,1,SAFE,Q1: 29.0 celcius. Q2: No. Q3: SAFE.
33,guage (24).jpg,guage,,1,bar,Alert if pressure exceeds 0.8 bar.,1 bar,Rule A,Value is 1. 1 > 0.8.,0,UNSAFE,Dataset/Guages/guage (24).jpg,Data_Preprocessed/guage (24).jpg,,Q1: 0.8 bar. Q2: Yes. Q3: SAFE.,1,SAFE,Q1: 0.8 bar. Q2: Yes. Q3: SAFE.
34,guage (24).jpg,guage,,1,bar,Alert if pressure exceeds 1.2 bar.,1 bar,Rule B,Value is 1. 1 < 1.2.,0,SAFE,Dataset/Guages/guage (24).jpg,Data_Preprocessed/guage (24).jpg,,Q1: 0.5 bar. Q2: No. Q3: SAFE.,1,SAFE,Q1: 0.5 bar. Q2: No. Q3: SAFE.
35,guage (25).jpg,guage,Oblique Angle,0,,Alert if reading is > 5 NA.,0 NA,Rule A,Value is 0. 0 < 5.,1,SAFE,Dataset/Guages/guage (25).jpg,Data_Preprocessed/guage (25).jpg,Oblique Angle,Q1: 5.00. Q2: Yes. Q3: SAFE.,1,SAFE,Q1: 5.00. Q2: Yes. Q3: SAFE.
36,guage (25).jpg,guage,Oblique Angle,0,,Alert if system is at 0 NA.,0 NA,Rule B,Value is 0. System is at 0.,1,UNSAFE,Dataset/Guages/guage (25).jpg,Data_Preprocessed/guage (25).jpg,Oblique Angle,Q1: 0 Q2: No Q3: SAFE,1,SAFE,Q1: 0 Q2: No Q3: SAFE
37,guage (26).jpg,guage,,400,kPa,Alert if value is > 320 kPa.,400 kPa,Rule A,Value is 400. 400 > 320.,0,UNSAFE,Dataset/Guages/guage (26).jpg,Data_Preprocessed/guage (26).jpg,,Q1: 320 kPa. Q2: Yes. Q3: SAFE.,1,SAFE,Q1: 320 kPa. Q2: Yes. Q3: SAFE.
38,guage (26).jpg,guage,,400,kPa,Alert if value is > 480 kPa.,400 kPa,Rule B,Value is 400. 400 < 480.,0,SAFE,Dataset/Guages/guage (26).jpg,Data_Preprocessed/guage (26).jpg,,Q1: 480 kPa. Q2: Yes. Q3: SAFE.,1,SAFE,Q1: 480 kPa. Q2: Yes. Q3: SAFE.
39,guage (27).jpg,guage,Oblique Angle,1000,mbar,Alert if pressure exceeds 800 mbar.,1000 mbar,Rule A,Value is 1000. 1000 > 800.,1,UNSAFE,Dataset/Guages/guage (27).jpg,Data_Preprocessed/guage (27).jpg,Oblique Angle,Q1: 800 mbar. Q2: Yes. Q3: SAFE.,1,SAFE,Q1: 800 mbar. Q2: Yes. Q3: SAFE.
40,guage (27).jpg,guage,Oblique Angle,1000,mbar,Alert if pressure exceeds 1200 mbar.,1000 mbar,Rule B,Value is 1000. 1000 < 1200.,1,SAFE,Dataset/Guages/guage (27).jpg,Data_Preprocessed/guage (27).jpg,Oblique Angle,Q1: 1200mbar. Q2: Yes. Q3: SAFE.,1,SAFE,Q1: 1200mbar. Q2: Yes. Q3: SAFE.
41,guage (28).jpg,guage,Oblique Angle,125,psi,Alert if pressure exceeds 100 psi.,125 psi,Rule A,Value is 125. 125 > 100.,1,UNSAFE,Dataset/Guages/guage (28).jpg,Data_Preprocessed/guage (28).jpg,Oblique Angle,Q1: 100psi Q2: No Q3: SAFE,1,SAFE,Q1: 100psi Q2: No Q3: SAFE
42,guage (28).jpg,guage,Oblique Angle,125,psi,Alert if pressure exceeds 150 psi.,125 psi,Rule B,Value is 125. 125 < 150.,1,SAFE,Dataset/Guages/guage (28).jpg,Data_Preprocessed/guage (28).jpg,Oblique Angle,Q1: 150psi. Q2: Yes. Q3: SAFE.,1,SAFE,Q1: 150psi. Q2: Yes. Q3: SAFE.
43,guage (29).jpg,guage,Oblique Angle,0,in hg,Alert if vacuum > 5 in hg.,0 in hg,Rule A,Value is 0. 0 < 5.,1,SAFE,Dataset/Guages/guage (29).jpg,Data_Preprocessed/guage (29).jpg,Oblique Angle,Q1: 5.0. Q2: No. Q3: SAFE.,1,SAFE,Q1: 5.0. Q2: No. Q3: SAFE.
44,guage (29).jpg,guage,Oblique Angle,0,in hg,Alert if vacuum drops to 0 in hg.,0 in hg,Rule B,Value is 0. Vacuum is at 0.,1,UNSAFE,Dataset/Guages/guage (29).jpg,Data_Preprocessed/guage (29).jpg,Oblique Angle,Q1: 0 g/h. Q2: Yes. Q3: SAFE.,1,SAFE,Q1: 0 g/h. Q2: Yes. Q3: SAFE.
45,guage (3).jpg,guage,Low Contrast,22,bar,Alert if pressure > 17 bar.,22 bar,Rule A,Value is 22. 22 > 17.,1,UNSAFE,Dataset/Guages/guage (3).jpg,Data_Preprocessed/guage (3).jpg,Low Contrast,Q1: 40 bar. Q2: Yes. Q3: SAFE.,1,SAFE,Q1: 40 bar. Q2: Yes. Q3: SAFE.
46,guage (3).jpg,guage,Low Contrast,22,bar,Alert if pressure > 27 bar.,22 bar,Rule B,Value is 22. 22 < 27.,1,SAFE,Dataset/Guages/guage (3).jpg,Data_Preprocessed/guage (3).jpg,Low Contrast,Q1: 40 bar Q2: Yes Q3: SAFE,1,SAFE,Q1: 40 bar Q2: Yes Q3: SAFE
47,guage (30).jpg,guage,Oblique Angle,22,psi,Alert if pressure > 17 psi.,22 psi,Rule A,Value is 22. 22 > 17.,1,UNSAFE,Dataset/Guages/guage (30).jpg,Data_Preprocessed/guage (30).jpg,Oblique Angle,Q1: 17psi. Q2: No. Q3: SAFE.,1,SAFE,Q1: 17psi. Q2: No. Q3: SAFE.
48,guage (30).jpg,guage,Oblique Angle,22,psi,Alert if pressure > 27 psi.,22 psi,Rule B,Value is 22. 22 < 27.,1,SAFE,Dataset/Guages/guage (30).jpg,Data_Preprocessed/guage (30).jpg,Oblique Angle,Q1: 27psi. Q2: Yes. Q3: SAFE.,1,SAFE,Q1: 27psi. Q2: Yes. Q3: SAFE.
49,guage (31).jpg,guage,Glare/ Oblique Angle,0.02,Mpa,Alert if > 0.01 Mpa.,0.02 Mpa,Rule A,Value is 0.02. 0.02 > 0.01.,1,UNSAFE,Dataset/Guages/guage (31).jpg,Data_Preprocessed/guage (31).jpg,Glare/ Oblique Angle,Q1: 0.01 Mpa. Q2: Yes. Q3: SAFE.,1,SAFE,Q1: 0.01 Mpa. Q2: Yes. Q3: SAFE.
50,guage (31).jpg,guage,Glare/ Oblique Angle,0.02,Mpa,Alert if > 0.03 Mpa.,0.02 Mpa,Rule B,Value is 0.02. 0.02 < 0.03.,1,SAFE,Dataset/Guages/guage (31).jpg,Data_Preprocessed/guage (31).jpg,Glare/ Oblique Angle,Q1: 0.03 Mpa. Q2: No. Q3: SAFE.,1,SAFE,Q1: 0.03 Mpa. Q2: No. Q3: SAFE.
51,guage (32).jpg,guage,Low Resolution,0.8,bar,Alert if > 0.6 bar.,0.8 bar,Rule A,Value is 0.8. 0.8 > 0.6.,1,UNSAFE,Dataset/Guages/guage (32).jpg,Data_Preprocessed/guage (32).jpg,Low Resolution,Q1: 105.4 Bar Q2: Yes Q3: SAFE,1,SAFE,Q1: 105.4 Bar Q2: Yes Q3: SAFE
52,guage (32).jpg,guage,Low Resolution,0.8,bar,Alert if > 1.0 bar.,0.8 bar,Rule B,Value is 0.8. 0.8 < 1.0.,1,SAFE,Dataset/Guages/guage (32).jpg,Data_Preprocessed/guage (32).jpg,Low Resolution,Q1: 1.0 bar. Q2: Yes. Q3: SAFE.,1,SAFE,Q1: 1.0 bar. Q2: Yes. Q3: SAFE.
53,guage (33).jpg,guage,Glare,3.6,bar,Alert if > 2.8 bar.,3.6 bar,Rule A,Value is 3.6. 3.6 > 2.8.,1,UNSAFE,Dataset/Guages/guage (33).jpg,Data_Preprocessed/guage (33).jpg,Glare,Q1: 2.8 bar. Q2: No. Q3: SAFE.,1,SAFE,Q1: 2.8 bar. Q2: No. Q3: SAFE.
54,guage (33).jpg,guage,Glare,3.6,bar,Alert if > 4.4 bar.,3.6 bar,Rule B,Value is 3.6. 3.6 < 4.4.,1,SAFE,Dataset/Guages/guage (33).jpg,Data_Preprocessed/guage (33).jpg,Glare,Q1: 4.4 bar. Q2: Yes. Q3: SAFE.,1,SAFE,Q1: 4.4 bar. Q2: Yes. Q3: SAFE.
55,guage (34).jpg,guage,Oblique Angle/ Low Resolution,83,kPa,Alert if pressure exceeds 66 kPa.,83 kPa,Rule A,Value is 83. 83 > 66.,1,UNSAFE,Dataset/Guages/guage (34).jpg,Data_Preprocessed/guage (34).jpg,Oblique Angle/ Low Resolution,Q1: 67 kPa. Q2: Yes. Q3: SAFE.,1,SAFE,Q1: 67 kPa. Q2: Yes. Q3: SAFE.
56,guage (34).jpg,guage,Oblique Angle/ Low Resolution,83,kPa,Alert if pressure exceeds 100 kPa.,83 kPa,Rule B,Value is 83. 83 < 100.,1,SAFE,Dataset/Guages/guage (34).jpg,Data_Preprocessed/guage (34).jpg,Oblique Angle/ Low Resolution,Q1: 100 kPa. Q2: No. Q3: SAFE.,1,SAFE,Q1: 100 kPa. Q2: No. Q3: SAFE.
57,guage (35).jpg,guage,Obstruction,35,Psi,Alert if > 28 Psi.,35 Psi,Rule A,Value is 35. 35 > 28.,1,UNSAFE,Dataset/Guages/guage (35).jpg,Data_Preprocessed/guage (35).jpg,Obstruction,Q1: 28 Psi. Q2: No. Q3: SAFE.,1,SAFE,Q1: 28 Psi. Q2: No. Q3: SAFE.
58,guage (35).jpg,guage,Obstruction,35,Psi,Alert if > 42 Psi.,35 Psi,Rule B,Value is 35. 35 < 42.,1,SAFE,Dataset/Guages/guage (35).jpg,Data_Preprocessed/guage (35).jpg,Obstruction,Q1: 450 Psi. Q2: No. Q3: SAFE.,1,SAFE,Q1: 450 Psi. Q2: No. Q3: SAFE.
59,guage (36).jpg,guage,Low Contrast,0.1,Mpa,Alert if > 0.08 Mpa.,0.1 Mpa,Rule A,Value is 0.1. 0.1 > 0.08.,1,UNSAFE,Dataset/Guages/guage (36).jpg,Data_Preprocessed/guage (36).jpg,Low Contrast,Q1: 0.08 Mpa. Q2: Yes. Q3: SAFE.,1,SAFE,Q1: 0.08 Mpa. Q2: Yes. Q3: SAFE.
60,guage (36).jpg,guage,Low Contrast,0.1,Mpa,Alert if > 0.12 Mpa.,0.1 Mpa,Rule B,Value is 0.1. 0.1 < 0.12.,1,SAFE,Dataset/Guages/guage (36).jpg,Data_Preprocessed/guage (36).jpg,Low Contrast,Q1: 0.12 Mpa. Q2: Yes. Q3: SAFE.,1,SAFE,Q1: 0.12 Mpa. Q2: Yes. Q3: SAFE.
61,guage (37).jpg,guage,Low Contrast,160,celcius,Alert if > 128 celcius.,160 celcius,Rule A,Value is 160. 160 > 128.,1,UNSAFE,Dataset/Guages/guage (37).jpg,Data_Preprocessed/guage (37).jpg,Low Contrast,Q1: 129 celcius. Q2: Yes. Q3: SAFE.,1,SAFE,Q1: 129 celcius. Q2: Yes. Q3: SAFE.
62,guage (37).jpg,guage,Low Contrast,160,celcius,Alert if > 192 celcius.,160 celcius,Rule B,Value is 160. 160 < 192.,1,SAFE,Dataset/Guages/guage (37).jpg,Data_Preprocessed/guage (37).jpg,Low Contrast,Q1: 192 celcius. Q2: Yes. Q3: SAFE.,1,SAFE,Q1: 192 celcius. Q2: Yes. Q3: SAFE.
63,guage (38).jpg,guage,,60,celcius,Alert if temperature exceeds 48 celcius.,60 celcius,Rule A,Value is 60. 60 > 48.,0,UNSAFE,Dataset/Guages/guage (38).jpg,Data_Preprocessed/guage (38).jpg,,Q1: 49.0 celcius. Q2: No. Q3: SAFE.,1,SAFE,Q1: 49.0 celcius. Q2: No. Q3: SAFE.
64,guage (38).jpg,guage,,60,celcius,Alert if temperature exceeds 72 celcius.,60 celcius,Rule B,Value is 60. 60 < 72.,0,SAFE,Dataset/Guages/guage (38).jpg,Data_Preprocessed/guage (38).jpg,,Q1: 75 degrees celcius. Q2: No. Q3: SAFE.,1,SAFE,Q1: 75 degrees celcius. Q2: No. Q3: SAFE.
65,guage (39).jpg,guage,,155,psi,Alert if > 124 psi.,155 psi,Rule A,Value is 155. 155 > 124.,0,UNSAFE,Dataset/Guages/guage (39).jpg,Data_Preprocessed/guage (39).jpg,,Q1: 125 psi. Q2: Yes. Q3: SAFE.,1,SAFE,Q1: 125 psi. Q2: Yes. Q3: SAFE.
66,guage (39).jpg,guage,,155,psi,Alert if > 186 psi.,155 psi,Rule B,Value is 155. 155 < 186.,0,SAFE,Dataset/Guages/guage (39).jpg,Data_Preprocessed/guage (39).jpg,,Q1: 186psi,1,NO_VERDICT,Q1: 186psi
67,guage (4).jpg,guage,Obstruction,90,fahrenheit,Alert if > 72 fahrenheit.,90 fahrenheit,Rule A,Value is 90. 90 > 72.,1,UNSAFE,Dataset/Guages/guage (4).jpg,Data_Preprocessed/guage (4).jpg,Obstruction,Q1: 72 fahrenheit. Q2: Yes. Q3: SAFE.,1,SAFE,Q1: 72 fahrenheit. Q2: Yes. Q3: SAFE.
68,guage (4).jpg,guage,Obstruction,90,fahrenheit,Alert if > 108 fahrenheit.,90 fahrenheit,Rule B,Value is 90. 90 < 108.,1,SAFE,Dataset/Guages/guage (4).jpg,Data_Preprocessed/guage (4).jpg,Obstruction,Q1: 108 degrees Fahrenheit. Q2: Yes. Q3: SAFE.,1,SAFE,Q1: 108 degrees Fahrenheit. Q2: Yes. Q3: SAFE.
69,guage (40).jpg,guage,Low Contrast,53,celcius,Alert if > 42 celcius.,53 celcius,Rule A,Value is 53. 53 > 42.,1,UNSAFE,Dataset/Guages/guage (40).jpg,Data_Preprocessed/guage (40).jpg,Low Contrast,Q1: 40.0 Q2: Yes Q3: SAFE,1,SAFE,Q1: 40.0 Q2: Yes Q3: SAFE
70,guage (40).jpg,guage,Low Contrast,53,celcius,Alert if > 64 celcius.,53 celcius,Rule B,Value is 53. 53 < 64.,1,SAFE,Dataset/Guages/guage (40).jpg,Data_Preprocessed/guage (40).jpg,Low Contrast,Q1: 68 celcius. Q2: Yes. Q3: SAFE.,1,SAFE,Q1: 68 celcius. Q2: Yes. Q3: SAFE.
71,guage (41).jpg,guage,Glare,75,fahrenheit,Alert if > 60 fahrenheit.,75 fahrenheit,Rule A,Value is 75. 75 > 60.,1,UNSAFE,Dataset/Guages/guage (41).jpg,Data_Preprocessed/guage (41).jpg,Glare,Q1: 65 degrees Fahrenheit. Q2: Yes. Q3: SAFE.,1,SAFE,Q1: 65 degrees Fahrenheit. Q2: Yes. Q3: SAFE.
72,guage (41).jpg,guage,Glare,75,fahrenheit,Alert if > 90 fahrenheit.,75 fahrenheit,Rule B,Value is 75. 75 < 90.,1,SAFE,Dataset/Guages/guage (41).jpg,Data_Preprocessed/guage (41).jpg,Glare,Q1: 95 degrees Fahrenheit. Q2: No. Q3: SAFE.,1,SAFE,Q1: 95 degrees Fahrenheit. Q2: No. Q3: SAFE.
73,guage (42).jpg,guage,,25,psi,Alert if > 20 psi.,25 psi,Rule A,Value is 25. 25 > 20.,0,UNSAFE,Dataset/Guages/guage (42).jpg,Data_Preprocessed/guage (42).jpg,,Q1: 20psi. Q2: Yes. Q3: SAFE.,1,SAFE,Q1: 20psi. Q2: Yes. Q3: SAFE.
74,guage (42).jpg,guage,,25,psi,Alert if > 30 psi.,25 psi,Rule B,Value is 25. 25 < 30.,0,SAFE,Dataset/Guages/guage (42).jpg,Data_Preprocessed/guage (42).jpg,,Q1: 30psi. Q2: Yes. Q3: SAFE.,1,SAFE,Q1: 30psi. Q2: Yes. Q3: SAFE.
75,guage (43).jpg,guage,,43,celcius,Alert if > 34 celcius.,43 celcius,Rule A,Value is 43. 43 > 34.,0,UNSAFE,Dataset/Guages/guage (43).jpg,Data_Preprocessed/guage (43).jpg,,Q1: 35.0 celcius. Q2: Yes. Q3: SAFE.,1,SAFE,Q1: 35.0 celcius. Q2: Yes. Q3: SAFE.
76,guage (43).jpg,guage,,43,celcius,Alert if > 52 celcius.,43 celcius,Rule B,Value is 43. 43 < 52.,0,SAFE,Dataset/Guages/guage (43).jpg,Data_Preprocessed/guage (43).jpg,,Q1: 52 celcius. Q2: Yes. Q3: SAFE.,1,SAFE,Q1: 52 celcius. Q2: Yes. Q3: SAFE.
77,guage (44).jpg,guage,Obstruction,50,celcius,Alert if > 40 celcius.,50 celcius,Rule A,Value is 50. 50 > 40.,1,UNSAFE,Dataset/Guages/guage (44).jpg,Data_Preprocessed/guage (44).jpg,Obstruction,Q1: 45.0. Q2: Yes. Q3: SAFE.,1,SAFE,Q1: 45.0. Q2: Yes. Q3: SAFE.
78,guage (44).jpg,guage,Obstruction,50,celcius,Alert if > 60 celcius.,50 celcius,Rule B,Value is 50. 50 < 60.,1,SAFE,Dataset/Guages/guage (44).jpg,Data_Preprocessed/guage (44).jpg,Obstruction,Q1: 65 celcius. Q2: Yes. Q3: SAFE.,1,SAFE,Q1: 65 celcius. Q2: Yes. Q3: SAFE.
79,guage (45).jpg,guage,,25,psi,Alert if > 20 psi.,25 psi,Rule A,Value is 25. 25 > 20.,0,UNSAFE,Dataset/Guages/guage (45).jpg,Data_Preprocessed/guage (45).jpg,,Q1: 20psi. Q2: Yes. Q3: SAFE.,1,SAFE,Q1: 20psi. Q2: Yes. Q3: SAFE.
80,guage (45).jpg,guage,,25,psi,Alert if > 30 psi.,25 psi,Rule B,Value is 25. 25 < 30.,0,SAFE,Dataset/Guages/guage (45).jpg,Data_Preprocessed/guage (45).jpg,,Q1: 30psi. Q2: Yes. Q3: SAFE.,1,SAFE,Q1: 30psi. Q2: Yes. Q3: SAFE.
81,guage (46).jpg,guage,Glare,2.2,bar,Alert if > 1.7 bar.,2.2 bar,Rule A,Value is 2.2. 2.2 > 1.7.,1,UNSAFE,Dataset/Guages/guage (46).jpg,Data_Preprocessed/guage (46).jpg,Glare,Q1: 1.7 bar Q2: Yes Q3: SAFE,1,SAFE,Q1: 1.7 bar Q2: Yes Q3: SAFE
82,guage (46).jpg,guage,Glare,2.2,bar,Alert if > 2.7 bar.,2.2 bar,Rule B,Value is 2.2. 2.2 < 2.7.,1,SAFE,Dataset/Guages/guage (46).jpg,Data_Preprocessed/guage (46).jpg,Glare,Q1: 2.7 bar Q2: Yes Q3: SAFE,1,SAFE,Q1: 2.7 bar Q2: Yes Q3: SAFE
83,guage (47).jpg,guage,Obstruction,40,psi,Alert if > 32 psi.,40 psi,Rule A,Value is 40. 40 > 32.,1,UNSAFE,Dataset/Guages/guage (47).jpg,Data_Preprocessed/guage (47).jpg,Obstruction,Q1: 32psi,1,NO_VERDICT,Q1: 32psi
84,guage (47).jpg,guage,Obstruction,40,psi,Alert if > 48 psi.,40 psi,Rule B,Value is 40. 40 < 48.,1,SAFE,Dataset/Guages/guage (47).jpg,Data_Preprocessed/guage (47).jpg,Obstruction,Q1: 48psi. Q2: Yes. Q3: SAFE.,1,SAFE,Q1: 48psi. Q2: Yes. Q3: SAFE.
85,guage (48).jpg,guage,Glare/ Oblique Angle,0.17,MPa,Alert if > 0.13 MPa.,0.17 MPa,Rule A,Value is 0.17. 0.17 > 0.13.,1,UNSAFE,Dataset/Guages/guage (48).jpg,Data_Preprocessed/guage (48).jpg,Glare/ Oblique Angle,Q1: 0.13 MPa. Q2: Yes. Q3: SAFE.,1,SAFE,Q1: 0.13 MPa. Q2: Yes. Q3: SAFE.
86,guage (48).jpg,guage,Glare/ Oblique Angle,0.17,MPa,Alert if > 0.21 MPa.,0.17 MPa,Rule B,Value is 0.17. 0.17 < 0.21.,1,SAFE,Dataset/Guages/guage (48).jpg,Data_Preprocessed/guage (48).jpg,Glare/ Oblique Angle,Q1: 0.21 MPa. Q2: Yes. Q3: SAFE.,1,SAFE,Q1: 0.21 MPa. Q2: Yes. Q3: SAFE.
87,guage (49).jpg,guage,Low Resolution,35,psi,Alert if > 28 psi.,35 psi,Rule A,Value is 35. 35 > 28.,1,UNSAFE,Dataset/Guages/guage (49).jpg,Data_Preprocessed/guage (49).jpg,Low Resolution,Q1: 29psi. Q2: Yes. Q3: SAFE.,1,SAFE,Q1: 29psi. Q2: Yes. Q3: SAFE.
88,guage (49).jpg,guage,Low Resolution,35,psi,Alert if > 42 psi.,35 psi,Rule B,Value is 35. 35 < 42.,1,SAFE,Dataset/Guages/guage (49).jpg,Data_Preprocessed/guage (49).jpg,Low Resolution,Q1: 42psi. Q2: Yes. Q3: SAFE.,1,SAFE,Q1: 42psi. Q2: Yes. Q3: SAFE.
89,guage (5).jpg,guage,Low Contrast,70,bar,Alert if > 56 bar.,70 bar,Rule A,Value is 70. 70 > 56.,1,UNSAFE,Dataset/Guages/guage (5).jpg,Data_Preprocessed/guage (5).jpg,Low Contrast,Q1: 56 bar. Q2: Yes. Q3: SAFE.,1,SAFE,Q1: 56 bar. Q2: Yes. Q3: SAFE.
90,guage (5).jpg,guage,Low Contrast,70,bar,Alert if > 84 bar.,70 bar,Rule B,Value is 70. 70 < 84.,1,SAFE,Dataset/Guages/guage (5).jpg,Data_Preprocessed/guage (5).jpg,Low Contrast,Q1: 84 bar. Q2: No. Q3: SAFE.,1,SAFE,Q1: 84 bar. Q2: No. Q3: SAFE.
91,guage (50).jpg,guage,,4.8,kp/cm3,Alert if > 3.8 kp/cm3.,4.8 kp/cm3,Rule A,Value is 4.8. 4.8 > 3.8.,0,UNSAFE,Dataset/Guages/guage (50).jpg,Data_Preprocessed/guage (50).jpg,,Q1: 3.8 kp/cm3. Q2: Yes. Q3: SAFE.,1,SAFE,Q1: 3.8 kp/cm3. Q2: Yes. Q3: SAFE.
92,guage (50).jpg,guage,,4.8,kp/cm3,Alert if > 5.8 kp/cm3.,4.8 kp/cm3,Rule B,Value is 4.8. 4.8 < 5.8.,0,SAFE,Dataset/Guages/guage (50).jpg,Data_Preprocessed/guage (50).jpg,,Q1: 5.8 kp/cm3. Q2: Yes. Q3: SAFE.,1,SAFE,Q1: 5.8 kp/cm3. Q2: Yes. Q3: SAFE.
93,guage (6).jpg,guage,Glare/ Oblique Angle,34,celcius,Alert if > 27 celcius.,34 celcius,Rule A,Value is 34. 34 > 27.,1,UNSAFE,Dataset/Guages/guage (6).jpg,Data_Preprocessed/guage (6).jpg,Glare/ Oblique Angle,Q1: 28 celcius. Q2: Yes. Q3: SAFE.,1,SAFE,Q1: 28 celcius. Q2: Yes. Q3: SAFE.
94,guage (6).jpg,guage,Glare/ Oblique Angle,34,celcius,Alert if > 41 celcius.,34 celcius,Rule B,Value is 34. 34 < 41.,1,SAFE,Dataset/Guages/guage (6).jpg,Data_Preprocessed/guage (6).jpg,Glare/ Oblique Angle,Q1: 45.0 Q2: Yes Q3: SAFE.,1,SAFE,Q1: 45.0 Q2: Yes Q3: SAFE.
95,guage (7).jpg,guage,Oblique Angle,1.3,,Alert if > 1.0 NA.,1.3 NA,Rule A,Value is 1.3. 1.3 > 1.0.,1,UNSAFE,Dataset/Guages/guage (7).jpg,Data_Preprocessed/guage (7).jpg,Oblique Angle,Q1: 145.6 Q2: Yes Q3: SAFE,1,SAFE,Q1: 145.6 Q2: Yes Q3: SAFE
96,guage (7).jpg,guage,Oblique Angle,1.3,,Alert if > 1.6 NA.,1.3 NA,Rule B,Value is 1.3. 1.3 < 1.6.,1,SAFE,Dataset/Guages/guage (7).jpg,Data_Preprocessed/guage (7).jpg,Oblique Angle,Q1: 1.6. Q2: Yes. Q3: SAFE.,1,SAFE,Q1: 1.6. Q2: Yes. Q3: SAFE.
97,guage (8).jpg,guage,Oblique Angle,0,,Alert if reading > 5 NA.,0 NA,Rule A,Value is 0. 0 < 5.,1,SAFE,Dataset/Guages/guage (8).jpg,Data_Preprocessed/guage (8).jpg,Oblique Angle,Q1: 5.0. Q2: No. Q3: SAFE.,1,SAFE,Q1: 5.0. Q2: No. Q3: SAFE.
98,guage (8).jpg,guage,Oblique Angle,0,,Alert if reading is at 0 NA.,0 NA,Rule B,Value is 0. System is at 0.,1,UNSAFE,Dataset/Guages/guage (8).jpg,Data_Preprocessed/guage (8).jpg,Oblique Angle,Q1: 0.0 Q2: Yes Q3: SAFE,1,SAFE,Q1: 0.0 Q2: Yes Q3: SAFE
99,guage (9).jpg,guage,Oblique Angle/ Obstruction,86,Pa,Alert if > 68 Pa.,86 Pa,Rule A,Value is 86. 86 > 68.,1,UNSAFE,Dataset/Guages/guage (9).jpg,Data_Preprocessed/guage (9).jpg,Oblique Angle/ Obstruction,Q1: 68 Pa. Q2: No. Q3: SAFE.,1,SAFE,Q1: 68 Pa. Q2: No. Q3: SAFE.
100,guage (9).jpg,guage,Oblique Angle/ Obstruction,86,Pa,Alert if > 104 Pa.,86 Pa,Rule B,Value is 86. 86 < 104.,1,SAFE,Dataset/Guages/guage (9).jpg,Data_Preprocessed/guage (9).jpg,Oblique Angle/ Obstruction,Q1: 105 Pa. Q2: Yes. Q3: SAFE.,1,SAFE,Q1: 105 Pa. Q2: Yes. Q3: SAFE.
101,pipe_corroded (1).jpg,pipeline,Texture Overlap,Corroded/ Leak,,Alert on any sign of surface oxidation or corrosion.,Corroded/ Leak NA,Rule A,Image shows corrosion or damage.,1,UNSAFE,Dataset/Pipes/Defected/pipe_corroded (1).jpg,Data_Preprocessed/pipe_corroded (1).jpg,Texture Overlap,Q1: 0.0 Q2: Yes Q3: SAFE.,1,SAFE,Q1: 0.0 Q2: Yes Q3: SAFE.
102,pipe_corroded (1).jpg,pipeline,Texture Overlap,Corroded/ Leak,,"Surface rust is acceptable. Alert only for structural defects, dents, cracks, or leaks.",Corroded/ Leak NA,Rule B,Critical structural defect is visible.,1,UNSAFE,Dataset/Pipes/Defected/pipe_corroded (1).jpg,Data_Preprocessed/pipe_corroded (1).jpg,Texture Overlap,Q1: 0.5. Q2: No. Q3: SAFE.,1,SAFE,Q1: 0.5. Q2: No. Q3: SAFE.
103,pipe_corroded (10).jpg,pipeline,Texture Overlap,Corroded/ Leak,,Alert on any sign of surface oxidation or corrosion.,Corroded/ Leak NA,Rule A,Image shows corrosion or damage.,1,UNSAFE,Dataset/Pipes/Defected/pipe_corroded (10).jpg,Data_Preprocessed/pipe_corroded (10).jpg,Texture Overlap,Q1: 0.0 Q2: Yes Q3: SAFE,1,SAFE,Q1: 0.0 Q2: Yes Q3: SAFE
104,pipe_corroded (10).jpg,pipeline,Texture Overlap,Corroded/ Leak,,"Surface rust is acceptable. Alert only for structural defects, dents, cracks, or leaks.",Corroded/ Leak NA,Rule B,Critical structural defect is visible.,1,UNSAFE,Dataset/Pipes/Defected/pipe_corroded (10).jpg,Data_Preprocessed/pipe_corroded (10).jpg,Texture Overlap,Q1: 0.5. Q2: No. Q3: SAFE.,1,SAFE,Q1: 0.5. Q2: No. Q3: SAFE.
105,pipe_corroded (11).jpg,pipeline,Texture Overlap,Corroded/ Damaged,,Alert on any sign of surface oxidation or corrosion.,Corroded/ Damaged NA,Rule A,Image shows corrosion or damage.,1,UNSAFE,Dataset/Pipes/Defected/pipe_corroded (11).jpg,Data_Preprocessed/pipe_corroded (11).jpg,Texture Overlap,Q1: 0.15. Q2: Yes. Q3: SAFE.,1,SAFE,Q1: 0.15. Q2: Yes. Q3: SAFE.
106,pipe_corroded (11).jpg,pipeline,Texture Overlap,Corroded/ Damaged,,"Surface rust is acceptable. Alert only for structural defects, dents, cracks, or leaks.",Corroded/ Damaged NA,Rule B,Critical structural defect is visible.,1,UNSAFE,Dataset/Pipes/Defected/pipe_corroded (11).jpg,Data_Preprocessed/pipe_corroded (11).jpg,Texture Overlap,Q1: 0.5. Q2: No. Q3: SAFE.,1,SAFE,Q1: 0.5. Q2: No. Q3: SAFE.
107,pipe_corroded (12).jpg,pipeline,Low Resolution,Corroded/ Damaged,,Alert on any sign of surface oxidation or corrosion.,Corroded/ Damaged NA,Rule A,Image shows corrosion or damage.,1,UNSAFE,Dataset/Pipes/Defected/pipe_corroded (12).jpg,Data_Preprocessed/pipe_corroded (12).jpg,Low Resolution,Q1: 0.0 Q2: Yes Q3: SAFE,1,SAFE,Q1: 0.0 Q2: Yes Q3: SAFE
108,pipe_corroded (12).jpg,pipeline,Low Resolution,Corroded/ Damaged,,"Surface rust is acceptable. Alert only for structural defects, dents, cracks, or leaks.",Corroded/ Damaged NA,Rule B,Critical structural defect is visible.,1,UNSAFE,Dataset/Pipes/Defected/pipe_corroded (12).jpg,Data_Preprocessed/pipe_corroded (12).jpg,Low Resolution,Q1: 0.5. Q2: No. Q3: SAFE.,1,SAFE,Q1: 0.5. Q2: No. Q3: SAFE.
109,pipe_corroded (13).jpg,pipeline,Glare,Corroded/ Leak,,Alert on any sign of surface oxidation or corrosion.,Corroded/ Leak NA,Rule A,Image shows corrosion or damage.,1,UNSAFE,Dataset/Pipes/Defected/pipe_corroded (13).jpg,Data_Preprocessed/pipe_corroded (13).jpg,Glare,Q1: 0.0. Q2: Yes. Q3: SAFE.,1,SAFE,Q1: 0.0. Q2: Yes. Q3: SAFE.
110,pipe_corroded (13).jpg,pipeline,Glare,Corroded/ Leak,,"Surface rust is acceptable. Alert only for structural defects, dents, cracks, or leaks.",Corroded/ Leak NA,Rule B,Critical structural defect is visible.,1,UNSAFE,Dataset/Pipes/Defected/pipe_corroded (13).jpg,Data_Preprocessed/pipe_corroded (13).jpg,Glare,Q1: 0.5. Q2: No. Q3: SAFE.,1,SAFE,Q1: 0.5. Q2: No. Q3: SAFE.
111,pipe_corroded (14).jpg,pipeline,Low Resolution,Corroded/ Damaged,,Alert on any sign of surface oxidation or corrosion.,Corroded/ Damaged NA,Rule A,Image shows corrosion or damage.,1,UNSAFE,Dataset/Pipes/Defected/pipe_corroded (14).jpg,Data_Preprocessed/pipe_corroded (14).jpg,Low Resolution,Q1: 0.0 Q2: No Q3: SAFE,1,SAFE,Q1: 0.0 Q2: No Q3: SAFE
112,pipe_corroded (14).jpg,pipeline,Low Resolution,Corroded/ Damaged,,"Surface rust is acceptable. Alert only for structural defects, dents, cracks, or leaks.",Corroded/ Damaged NA,Rule B,Critical structural defect is visible.,1,UNSAFE,Dataset/Pipes/Defected/pipe_corroded (14).jpg,Data_Preprocessed/pipe_corroded (14).jpg,Low Resolution,Q1: 0.5. Q2: Yes. Q3: SAFE.,1,SAFE,Q1: 0.5. Q2: Yes. Q3: SAFE.
113,pipe_corroded (15).jpg,pipeline,Texture Overlap,Corroded/ Crack,,Alert on any sign of surface oxidation or corrosion.,Corroded/ Crack NA,Rule A,Image shows corrosion or damage.,1,UNSAFE,Dataset/Pipes/Defected/pipe_corroded (15).jpg,Data_Preprocessed/pipe_corroded (15).jpg,Texture Overlap,Q1: 0.0 Q2: Yes Q3: SAFE,1,SAFE,Q1: 0.0 Q2: Yes Q3: SAFE
114,pipe_corroded (15).jpg,pipeline,Texture Overlap,Corroded/ Crack,,"Surface rust is acceptable. Alert only for structural defects, dents, cracks, or leaks.",Corroded/ Crack NA,Rule B,Critical structural defect is visible.,1,UNSAFE,Dataset/Pipes/Defected/pipe_corroded (15).jpg,Data_Preprocessed/pipe_corroded (15).jpg,Texture Overlap,Q1: 0.5. Q2: Yes. Q3: SAFE.,1,SAFE,Q1: 0.5. Q2: Yes. Q3: SAFE.
115,pipe_corroded (16).jpg,pipeline,,Corroded/ Damaged,,Alert on any sign of surface oxidation or corrosion.,Corroded/ Damaged NA,Rule A,Image shows corrosion or damage.,0,UNSAFE,Dataset/Pipes/Defected/pipe_corroded (16).jpg,Data_Preprocessed/pipe_corroded (16).jpg,,Q1: 0.0 Q2: No Q3: SAFE.,1,SAFE,Q1: 0.0 Q2: No Q3: SAFE.
116,pipe_corroded (16).jpg,pipeline,,Corroded/ Damaged,,"Surface rust is acceptable. Alert only for structural defects, dents, cracks, or leaks.",Corroded/ Damaged NA,Rule B,Critical structural defect is visible.,0,UNSAFE,Dataset/Pipes/Defected/pipe_corroded (16).jpg,Data_Preprocessed/pipe_corroded (16).jpg,,Q1: 0.5. Q2: Yes. Q3: SAFE.,1,SAFE,Q1: 0.5. Q2: Yes. Q3: SAFE.
117,pipe_corroded (17).jpg,pipeline,,Leak / Damaged,,Alert on any sign of surface oxidation or corrosion.,Leak / Damaged NA,Rule A,Image shows corrosion or damage.,0,UNSAFE,Dataset/Pipes/Defected/pipe_corroded (17).jpg,Data_Preprocessed/pipe_corroded (17).jpg,,Q1: 0.0. Q2: Yes. Q3: SAFE.,1,SAFE,Q1: 0.0. Q2: Yes. Q3: SAFE.
118,pipe_corroded (17).jpg,pipeline,,Leak / Damaged,,"Surface rust is acceptable. Alert only for structural defects, dents, cracks, or leaks.",Leak / Damaged NA,Rule B,Critical structural defect is visible.,0,UNSAFE,Dataset/Pipes/Defected/pipe_corroded (17).jpg,Data_Preprocessed/pipe_corroded (17).jpg,,Q1: 100.0. Q2: No. Q3: SAFE.,1,SAFE,Q1: 100.0. Q2: No. Q3: SAFE.
119,pipe_corroded (18).jpg,pipeline,Low Resolution,Damaged,,Alert on any sign of surface oxidation or corrosion.,Damaged NA,Rule A,Image shows corrosion or damage.,1,UNSAFE,Dataset/Pipes/Defected/pipe_corroded (18).jpg,Data_Preprocessed/pipe_corroded (18).jpg,Low Resolution,Q1: 0.0 Q2: Yes Q3: SAFE.,1,SAFE,Q1: 0.0 Q2: Yes Q3: SAFE.
120,pipe_corroded (18).jpg,pipeline,Low Resolution,Damaged,,"Surface rust is acceptable. Alert only for structural defects, dents, cracks, or leaks.",Damaged NA,Rule B,Critical structural defect is visible.,1,UNSAFE,Dataset/Pipes/Defected/pipe_corroded (18).jpg,Data_Preprocessed/pipe_corroded (18).jpg,Low Resolution,Q1: 5. Observation: The surface of the metal object has a few small scratches and some minor wear on its edges. Q2: Yes. Q3: SAFE.,1,SAFE,Q1: 5. Observation: The surface of the metal object has a few small scratches and some minor wear on its edges. Q2: Yes. Q3: SAFE.
121,pipe_corroded (19).jpg,pipeline,Low Resolution,Dented,,Alert on any sign of surface oxidation or corrosion.,Dented NA,Rule A,Image shows corrosion or damage.,1,UNSAFE,Dataset/Pipes/Defected/pipe_corroded (19).jpg,Data_Preprocessed/pipe_corroded (19).jpg,Low Resolution,Q1: 0.85. Q2: Yes. Q3: SAFE.,1,SAFE,Q1: 0.85. Q2: Yes. Q3: SAFE.
122,pipe_corroded (19).jpg,pipeline,Low Resolution,Dented,,"Surface rust is acceptable. Alert only for structural defects, dents, cracks, or leaks.",Dented NA,Rule B,Critical structural defect is visible.,1,UNSAFE,Dataset/Pipes/Defected/pipe_corroded (19).jpg,Data_Preprocessed/pipe_corroded (19).jpg,Low Resolution,Q1: 0.5. Q2: Yes. Q3: SAFE.,1,SAFE,Q1: 0.5. Q2: Yes. Q3: SAFE.
123,pipe_corroded (2).jpg,pipeline,Texture Overlap,Corroded/ Leak,,Alert on any sign of surface oxidation or corrosion.,Corroded/ Leak NA,Rule A,Image shows corrosion or damage.,1,UNSAFE,Dataset/Pipes/Defected/pipe_corroded (2).jpg,Data_Preprocessed/pipe_corroded (2).jpg,Texture Overlap,"Q1: 0.0 Q2: The exact numeric reading shown in the image does not appear to be violating the Safety Rule. Q3: No, the observation from Q1 violates the Safety Rule.",1,SAFE,"Q1: 0.0 Q2: The exact numeric reading shown in the image does not appear to be violating the Safety Rule. Q3: No, the observation from Q1 violates the Safety Rule."
124,pipe_corroded (2).jpg,pipeline,Texture Overlap,Corroded/ Leak,,"Surface rust is acceptable. Alert only for structural defects, dents, cracks, or leaks.",Corroded/ Leak NA,Rule B,Critical structural defect is visible.,1,UNSAFE,Dataset/Pipes/Defected/pipe_corroded (2).jpg,Data_Preprocessed/pipe_corroded (2).jpg,Texture Overlap,Q1: 0.5. Q2: Yes. Q3: SAFE.,1,SAFE,Q1: 0.5. Q2: Yes. Q3: SAFE.
125,pipe_corroded (20).jpg,pipeline,Texture Overlap,Corroded/ Dented,,Alert on any sign of surface oxidation or corrosion.,Corroded/ Dented NA,Rule A,Image shows corrosion or damage.,1,UNSAFE,Dataset/Pipes/Defected/pipe_corroded (20).jpg,Data_Preprocessed/pipe_corroded (20).jpg,Texture Overlap,Q1: 0.0 Q2: Yes Q3: SAFE,1,SAFE,Q1: 0.0 Q2: Yes Q3: SAFE
126,pipe_corroded (20).jpg,pipeline,Texture Overlap,Corroded/ Dented,,"Surface rust is acceptable. Alert only for structural defects, dents, cracks, or leaks.",Corroded/ Dented NA,Rule B,Critical structural defect is visible.,1,UNSAFE,Dataset/Pipes/Defected/pipe_corroded (20).jpg,Data_Preprocessed/pipe_corroded (20).jpg,Texture Overlap,Q1: 0 Q2: No Q3: SAFE,1,SAFE,Q1: 0 Q2: No Q3: SAFE
127,pipe_corroded (21).jpg,pipeline,Low Resolution,Dented,,Alert on any sign of surface oxidation or corrosion.,Dented NA,Rule A,Image shows corrosion or damage.,1,UNSAFE,Dataset/Pipes/Defected/pipe_corroded (21).jpg,Data_Preprocessed/pipe_corroded (21).jpg,Low Resolution,Q1: 0.0 Q2: Yes Q3: SAFE,1,SAFE,Q1: 0.0 Q2: Yes Q3: SAFE
128,pipe_corroded (21).jpg,pipeline,Low Resolution,Dented,,"Surface rust is acceptable. Alert only for structural defects, dents, cracks, or leaks.",Dented NA,Rule B,Critical structural defect is visible.,1,UNSAFE,Dataset/Pipes/Defected/pipe_corroded (21).jpg,Data_Preprocessed/pipe_corroded (21).jpg,Low Resolution,Q1: 0.5. Q2: Yes. Q3: SAFE.,1,SAFE,Q1: 0.5. Q2: Yes. Q3: SAFE.
129,pipe_corroded (22).jpg,pipeline,Low Resolution,Corroded/ Dented,,Alert on any sign of surface oxidation or corrosion.,Corroded/ Dented NA,Rule A,Image shows corrosion or damage.,1,UNSAFE,Dataset/Pipes/Defected/pipe_corroded (22).jpg,Data_Preprocessed/pipe_corroded (22).jpg,Low Resolution,Q1: 0.5. Q2: Yes. Q3: SAFE.,1,SAFE,Q1: 0.5. Q2: Yes. Q3: SAFE.
130,pipe_corroded (22).jpg,pipeline,Low Resolution,Corroded/ Dented,,"Surface rust is acceptable. Alert only for structural defects, dents, cracks, or leaks.",Corroded/ Dented NA,Rule B,Critical structural defect is visible.,1,UNSAFE,Dataset/Pipes/Defected/pipe_corroded (22).jpg,Data_Preprocessed/pipe_corroded (22).jpg,Low Resolution,Q1: 0.5. Q2: No. Q3: SAFE.,1,SAFE,Q1: 0.5. Q2: No. Q3: SAFE.
131,pipe_corroded (23).jpg,pipeline,Low Resolution,Corroded/ Dented,,Alert on any sign of surface oxidation or corrosion.,Corroded/ Dented NA,Rule A,Image shows corrosion or damage.,1,UNSAFE,Dataset/Pipes/Defected/pipe_corroded (23).jpg,Data_Preprocessed/pipe_corroded (23).jpg,Low Resolution,Q1: 0.5. Q2: Yes. Q3: SAFE.,1,SAFE,Q1: 0.5. Q2: Yes. Q3: SAFE.
132,pipe_corroded (23).jpg,pipeline,Low Resolution,Corroded/ Dented,,"Surface rust is acceptable. Alert only for structural defects, dents, cracks, or leaks.",Corroded/ Dented NA,Rule B,Critical structural defect is visible.,1,UNSAFE,Dataset/Pipes/Defected/pipe_corroded (23).jpg,Data_Preprocessed/pipe_corroded (23).jpg,Low Resolution,Q1: 0.5. Q2: No. Q3: SAFE.,1,SAFE,Q1: 0.5. Q2: No. Q3: SAFE.
133,pipe_corroded (24).jpg,pipeline,,Leak / Damaged,,Alert on any sign of surface oxidation or corrosion.,Leak / Damaged NA,Rule A,Image shows corrosion or damage.,0,UNSAFE,Dataset/Pipes/Defected/pipe_corroded (24).jpg,Data_Preprocessed/pipe_corroded (24).jpg,,Q1: 0.0 Q2: No Q3: Unsafe.,1,UNSAFE,Q1: 0.0 Q2: No Q3: Unsafe.
134,pipe_corroded (24).jpg,pipeline,,Leak / Damaged,,"Surface rust is acceptable. Alert only for structural defects, dents, cracks, or leaks.",Leak / Damaged NA,Rule B,Critical structural defect is visible.,0,UNSAFE,Dataset/Pipes/Defected/pipe_corroded (24).jpg,Data_Preprocessed/pipe_corroded (24).jpg,,Q1: 0.0. Q2: No. Q3: SAFE.,1,SAFE,Q1: 0.0. Q2: No. Q3: SAFE.
135,pipe_corroded (25).jpg,pipeline,Unclear image,Corroded/ Dented,,Alert on any sign of surface oxidation or corrosion.,Corroded/ Dented NA,Rule A,Image shows corrosion or damage.,1,UNSAFE,Dataset/Pipes/Defected/pipe_corroded (25).jpg,Data_Preprocessed/pipe_corroded (25).jpg,Unclear image,Q1: 0.5. Q2: No. Q3: SAFE.,1,SAFE,Q1: 0.5. Q2: No. Q3: SAFE.
136,pipe_corroded (25).jpg,pipeline,Unclear image,Corroded/ Dented,,"Surface rust is acceptable. Alert only for structural defects, dents, cracks, or leaks.",Corroded/ Dented NA,Rule B,Critical structural defect is visible.,1,UNSAFE,Dataset/Pipes/Defected/pipe_corroded (25).jpg,Data_Preprocessed/pipe_corroded (25).jpg,Unclear image,Q1: 0.5. Q2: No. Q3: SAFE.,1,SAFE,Q1: 0.5. Q2: No. Q3: SAFE.
137,pipe_corroded (3).jpg,pipeline,Low Resolution,Corroded/ Rust,,Alert on any sign of surface oxidation or corrosion.,Corroded/ Rust NA,Rule A,Image shows corrosion or damage.,1,UNSAFE,Dataset/Pipes/Defected/pipe_corroded (3).jpg,Data_Preprocessed/pipe_corroded (3).jpg,Low Resolution,Q1: 0.5. Q2: Yes. Q3: SAFE.,1,SAFE,Q1: 0.5. Q2: Yes. Q3: SAFE.
138,pipe_corroded (3).jpg,pipeline,Low Resolution,Corroded/ Rust,,"Surface rust is acceptable. Alert only for structural defects, dents, cracks, or leaks.",Corroded/ Rust NA,Rule B,Critical structural defect is visible.,1,UNSAFE,Dataset/Pipes/Defected/pipe_corroded (3).jpg,Data_Preprocessed/pipe_corroded (3).jpg,Low Resolution,Q1: 0.15. Q2: Yes. Q3: SAFE.,1,SAFE,Q1: 0.15. Q2: Yes. Q3: SAFE.
139,pipe_corroded (4).jpg,pipeline,Low Resolution,Corroded/ Leak,,Alert on any sign of surface oxidation or corrosion.,Corroded/ Leak NA,Rule A,Image shows corrosion or damage.,1,UNSAFE,Dataset/Pipes/Defected/pipe_corroded (4).jpg,Data_Preprocessed/pipe_corroded (4).jpg,Low Resolution,Q1: 0.5. Q2: Yes. Q3: SAFE.,1,SAFE,Q1: 0.5. Q2: Yes. Q3: SAFE.
140,pipe_corroded (4).jpg,pipeline,Low Resolution,Corroded/ Leak,,"Surface rust is acceptable. Alert only for structural defects, dents, cracks, or leaks.",Corroded/ Leak NA,Rule B,Critical structural defect is visible.,1,UNSAFE,Dataset/Pipes/Defected/pipe_corroded (4).jpg,Data_Preprocessed/pipe_corroded (4).jpg,Low Resolution,Q1: 400.0. Q2: No. Q3: SAFE.,1,SAFE,Q1: 400.0. Q2: No. Q3: SAFE.
141,pipe_corroded (5).jpg,pipeline,Texture Overlap,Corroded/ Rust,,Alert on any sign of surface oxidation or corrosion.,Corroded/ Rust NA,Rule A,Image shows corrosion or damage.,1,UNSAFE,Dataset/Pipes/Defected/pipe_corroded (5).jpg,Data_Preprocessed/pipe_corroded (5).jpg,Texture Overlap,Q1: 0.5. Q2: No. Q3: SAFE.,1,SAFE,Q1: 0.5. Q2: No. Q3: SAFE.
142,pipe_corroded (5).jpg,pipeline,Texture Overlap,Corroded/ Rust,,"Surface rust is acceptable. Alert only for structural defects, dents, cracks, or leaks.",Corroded/ Rust NA,Rule B,Critical structural defect is visible.,1,UNSAFE,Dataset/Pipes/Defected/pipe_corroded (5).jpg,Data_Preprocessed/pipe_corroded (5).jpg,Texture Overlap,Q1: 0.5. Q2: No. Q3: SAFE.,1,SAFE,Q1: 0.5. Q2: No. Q3: SAFE.
143,pipe_corroded (6).jpg,pipeline,Low Resolution,Corroded/ Rust,,Alert on any sign of surface oxidation or corrosion.,Corroded/ Rust NA,Rule A,Image shows corrosion or damage.,1,UNSAFE,Dataset/Pipes/Defected/pipe_corroded (6).jpg,Data_Preprocessed/pipe_corroded (6).jpg,Low Resolution,Q1: 0.5. Q2: No. Q3: SAFE.,1,SAFE,Q1: 0.5. Q2: No. Q3: SAFE.
144,pipe_corroded (6).jpg,pipeline,Low Resolution,Corroded/ Rust,,"Surface rust is acceptable. Alert only for structural defects, dents, cracks, or leaks.",Corroded/ Rust NA,Rule B,Critical structural defect is visible.,1,UNSAFE,Dataset/Pipes/Defected/pipe_corroded (6).jpg,Data_Preprocessed/pipe_corroded (6).jpg,Low Resolution,Q1: 50.0. Q2: Yes. Q3: SAFE.,1,SAFE,Q1: 50.0. Q2: Yes. Q3: SAFE.
145,pipe_corroded (7).jpg,pipeline,Texture Overlap,Corroded,,Alert on any sign of surface oxidation or corrosion.,Corroded NA,Rule A,Image shows corrosion or damage.,1,UNSAFE,Dataset/Pipes/Defected/pipe_corroded (7).jpg,Data_Preprocessed/pipe_corroded (7).jpg,Texture Overlap,Q1: 0.0 Q2: Yes Q3: SAFE.,1,SAFE,Q1: 0.0 Q2: Yes Q3: SAFE.
146,pipe_corroded (7).jpg,pipeline,Texture Overlap,Corroded,,"Surface rust is acceptable. Alert only for structural defects, dents, cracks, or leaks.",Corroded NA,Rule B,Critical structural defect is visible.,1,UNSAFE,Dataset/Pipes/Defected/pipe_corroded (7).jpg,Data_Preprocessed/pipe_corroded (7).jpg,Texture Overlap,Q1: 0.5. Q2: No. Q3: SAFE.,1,SAFE,Q1: 0.5. Q2: No. Q3: SAFE.
147,pipe_corroded (8).jpg,pipeline,Texture Overlap,Corroded/ Rust,,Alert on any sign of surface oxidation or corrosion.,Corroded/ Rust NA,Rule A,Image shows corrosion or damage.,1,UNSAFE,Dataset/Pipes/Defected/pipe_corroded (8).jpg,Data_Preprocessed/pipe_corroded (8).jpg,Texture Overlap,Q1: 0.5. Q2: No. Q3: SAFE.,1,SAFE,Q1: 0.5. Q2: No. Q3: SAFE.
148,pipe_corroded (8).jpg,pipeline,Texture Overlap,Corroded/ Rust,,"Surface rust is acceptable. Alert only for structural defects, dents, cracks, or leaks.",Corroded/ Rust NA,Rule B,Critical structural defect is visible.,1,UNSAFE,Dataset/Pipes/Defected/pipe_corroded (8).jpg,Data_Preprocessed/pipe_corroded (8).jpg,Texture Overlap,Q1: 0.5 Q2: No Q3: SAFE.,1,SAFE,Q1: 0.5 Q2: No Q3: SAFE.
149,pipe_corroded (9).jpg,pipeline,,Rust,,Alert on any sign of surface oxidation or corrosion.,Rust NA,Rule A,Surface oxidation/rust is present.,0,UNSAFE,Dataset/Pipes/Defected/pipe_corroded (9).jpg,Data_Preprocessed/pipe_corroded (9).jpg,,Q1: 0.0 Q2: Yes Q3: SAFE.,1,SAFE,Q1: 0.0 Q2: Yes Q3: SAFE.
150,pipe_corroded (9).jpg,pipeline,,Rust,,"Surface rust is acceptable. Alert only for structural defects, dents, cracks, or leaks.",Rust NA,Rule B,Image shows surface rust but no critical defects.,0,SAFE,Dataset/Pipes/Defected/pipe_corroded (9).jpg,Data_Preprocessed/pipe_corroded (9).jpg,,Q1: 0.5. Q2: No. Q3: SAFE.,1,SAFE,Q1: 0.5. Q2: No. Q3: SAFE.
151,pipe_non_corroded (1).jpg,pipeline,,Non corroded/ No rust,,Alert on any sign of surface oxidation or corrosion.,Non corroded/ No rust NA,Rule A,Surface is clean and nominal.,0,SAFE,Dataset/Pipes/Non defected/pipe_non_corroded (1).jpg,Data_Preprocessed/pipe_non_corroded (1).jpg,,Q1: 0.0. Q2: Yes. Q3: SAFE.,1,SAFE,Q1: 0.0. Q2: Yes. Q3: SAFE.
152,pipe_non_corroded (1).jpg,pipeline,,Non corroded/ No rust,,"Surface rust is acceptable. Alert only for structural defects, dents, cracks, or leaks.",Non corroded/ No rust NA,Rule B,Surface is clean and nominal.,0,SAFE,Dataset/Pipes/Non defected/pipe_non_corroded (1).jpg,Data_Preprocessed/pipe_non_corroded (1).jpg,,Q1: 0.95 Q2: No Q3: SAFE,1,SAFE,Q1: 0.95 Q2: No Q3: SAFE
153,pipe_non_corroded (10).jpg,pipeline,,Non corroded/ No rust,,Alert on any sign of surface oxidation or corrosion.,Non corroded/ No rust NA,Rule A,Surface is clean and nominal.,0,SAFE,Dataset/Pipes/Non defected/pipe_non_corroded (10).jpg,Data_Preprocessed/pipe_non_corroded (10).jpg,,Q1: 0 Q2: No Q3: SAFE,1,SAFE,Q1: 0 Q2: No Q3: SAFE
154,pipe_non_corroded (10).jpg,pipeline,,Non corroded/ No rust,,"Surface rust is acceptable. Alert only for structural defects, dents, cracks, or leaks.",Non corroded/ No rust NA,Rule B,Surface is clean and nominal.,0,SAFE,Dataset/Pipes/Non defected/pipe_non_corroded (10).jpg,Data_Preprocessed/pipe_non_corroded (10).jpg,,Q1: 0 Q2: No Q3: SAFE,1,SAFE,Q1: 0 Q2: No Q3: SAFE
155,pipe_non_corroded (11).jpg,pipeline,,Non corroded/ No rust,,Alert on any sign of surface oxidation or corrosion.,Non corroded/ No rust NA,Rule A,Surface is clean and nominal.,0,SAFE,Dataset/Pipes/Non defected/pipe_non_corroded (11).jpg,Data_Preprocessed/pipe_non_corroded (11).jpg,,Q1: 0.5 Q2: No Q3: SAFE,1,SAFE,Q1: 0.5 Q2: No Q3: SAFE
156,pipe_non_corroded (11).jpg,pipeline,,Non corroded/ No rust,,"Surface rust is acceptable. Alert only for structural defects, dents, cracks, or leaks.",Non corroded/ No rust NA,Rule B,Surface is clean and nominal.,0,SAFE,Dataset/Pipes/Non defected/pipe_non_corroded (11).jpg,Data_Preprocessed/pipe_non_corroded (11).jpg,,Q1: 0.5. Q2: Yes. Q3: SAFE.,1,SAFE,Q1: 0.5. Q2: Yes. Q3: SAFE.
157,pipe_non_corroded (12).jpg,pipeline,,Non corroded/ Rust,,Alert on any sign of surface oxidation or corrosion.,Non corroded/ Rust NA,Rule A,Surface oxidation/rust is present.,0,UNSAFE,Dataset/Pipes/Non defected/pipe_non_corroded (12).jpg,Data_Preprocessed/pipe_non_corroded (12).jpg,,Q1: 500.0. Q2: No. Q3: SAFE.,1,SAFE,Q1: 500.0. Q2: No. Q3: SAFE.
158,pipe_non_corroded (12).jpg,pipeline,,Non corroded/ Rust,,"Surface rust is acceptable. Alert only for structural defects, dents, cracks, or leaks.",Non corroded/ Rust NA,Rule B,Image shows surface rust but no critical defects.,0,SAFE,Dataset/Pipes/Non defected/pipe_non_corroded (12).jpg,Data_Preprocessed/pipe_non_corroded (12).jpg,,Q1: 500. Q2: Yes. Q3: SAFE.,1,SAFE,Q1: 500. Q2: Yes. Q3: SAFE.
159,pipe_non_corroded (13).jpg,pipeline,Glare,Non corroded/ No rust,,Alert on any sign of surface oxidation or corrosion.,Non corroded/ No rust NA,Rule A,Surface is clean and nominal.,1,SAFE,Dataset/Pipes/Non defected/pipe_non_corroded (13).jpg,Data_Preprocessed/pipe_non_corroded (13).jpg,Glare,Q1: 0.0. Q2: Yes. Q3: SAFE.,1,SAFE,Q1: 0.0. Q2: Yes. Q3: SAFE.
160,pipe_non_corroded (13).jpg,pipeline,Glare,Non corroded/ No rust,,"Surface rust is acceptable. Alert only for structural defects, dents, cracks, or leaks.",Non corroded/ No rust NA,Rule B,Surface is clean and nominal.,1,SAFE,Dataset/Pipes/Non defected/pipe_non_corroded (13).jpg,Data_Preprocessed/pipe_non_corroded (13).jpg,Glare,Q1: 0.5. Q2: Yes. Q3: SAFE.,1,SAFE,Q1: 0.5. Q2: Yes. Q3: SAFE.
161,pipe_non_corroded (14).jpg,pipeline,,Non corroded/ No rust,,Alert on any sign of surface oxidation or corrosion.,Non corroded/ No rust NA,Rule A,Surface is clean and nominal.,0,SAFE,Dataset/Pipes/Non defected/pipe_non_corroded (14).jpg,Data_Preprocessed/pipe_non_corroded (14).jpg,,Q1: 0.5. Q2: Yes. Q3: SAFE.,1,SAFE,Q1: 0.5. Q2: Yes. Q3: SAFE.
162,pipe_non_corroded (14).jpg,pipeline,,Non corroded/ No rust,,"Surface rust is acceptable. Alert only for structural defects, dents, cracks, or leaks.",Non corroded/ No rust NA,Rule B,Surface is clean and nominal.,0,SAFE,Dataset/Pipes/Non defected/pipe_non_corroded (14).jpg,Data_Preprocessed/pipe_non_corroded (14).jpg,,Q1: Observation: 0.5. Evaluation: Yes. Q2:  Q1: 0.5. Q3:  Final Verdict: SAFE.,1,SAFE,Q1: Observation: 0.5. Evaluation: Yes. Q2:  Q1: 0.5. Q3:
163,pipe_non_corroded (15).jpg,pipeline,,Non corroded/ No rust,,Alert on any sign of surface oxidation or corrosion.,Non corroded/ No rust NA,Rule A,Surface is clean and nominal.,0,SAFE,Dataset/Pipes/Non defected/pipe_non_corroded (15).jpg,Data_Preprocessed/pipe_non_corroded (15).jpg,,Q1: 0.5. Q2: Yes. Q3: SAFE.,1,SAFE,Q1: 0.5. Q2: Yes. Q3: SAFE.
164,pipe_non_corroded (15).jpg,pipeline,,Non corroded/ No rust,,"Surface rust is acceptable. Alert only for structural defects, dents, cracks, or leaks.",Non corroded/ No rust NA,Rule B,Surface is clean and nominal.,0,SAFE,Dataset/Pipes/Non defected/pipe_non_corroded (15).jpg,Data_Preprocessed/pipe_non_corroded (15).jpg,,"Q1: 5000. Q2: The observation does not violate the rule because there are no structural defects, dents, cracks, or leaks present. Q3: No, the observation violates the rule because there are structural defects, dents, cracks, and leaks present.",1,SAFE,"Q1: 5000. Q2: The observation does not violate the rule because there are no structural defects, dents, cracks, or leaks present. Q3: No, the observation violates the rule because there are structural defects, dents, cracks, and leaks present."
165,pipe_non_corroded (16).jpg,pipeline,Low Resolution,Non corroded/ No rust,,Alert on any sign of surface oxidation or corrosion.,Non corroded/ No rust NA,Rule A,Surface is clean and nominal.,1,SAFE,Dataset/Pipes/Non defected/pipe_non_corroded (16).jpg,Data_Preprocessed/pipe_non_corroded (16).jpg,Low Resolution,Q1: 0.5. Q2: Yes. Q3: SAFE.,1,SAFE,Q1: 0.5. Q2: Yes. Q3: SAFE.
166,pipe_non_corroded (16).jpg,pipeline,Low Resolution,Non corroded/ No rust,,"Surface rust is acceptable. Alert only for structural defects, dents, cracks, or leaks.",Non corroded/ No rust NA,Rule B,Surface is clean and nominal.,1,SAFE,Dataset/Pipes/Non defected/pipe_non_corroded (16).jpg,Data_Preprocessed/pipe_non_corroded (16).jpg,Low Resolution,Q1: 0.0 Q2: No Q3: SAFE,1,SAFE,Q1: 0.0 Q2: No Q3: SAFE
167,pipe_non_corroded (17).jpg,pipeline,Low Resolution,Non corroded/ No rust,,Alert on any sign of surface oxidation or corrosion.,Non corroded/ No rust NA,Rule A,Surface is clean and nominal.,1,SAFE,Dataset/Pipes/Non defected/pipe_non_corroded (17).jpg,Data_Preprocessed/pipe_non_corroded (17).jpg,Low Resolution,Q1: 0.0 Q2: No Q3: SAFE,1,SAFE,Q1: 0.0 Q2: No Q3: SAFE
168,pipe_non_corroded (17).jpg,pipeline,Low Resolution,Non corroded/ No rust,,"Surface rust is acceptable. Alert only for structural defects, dents, cracks, or leaks.",Non corroded/ No rust NA,Rule B,Surface is clean and nominal.,1,SAFE,Dataset/Pipes/Non defected/pipe_non_corroded (17).jpg,Data_Preprocessed/pipe_non_corroded (17).jpg,Low Resolution,Q1: Observation: The exact numeric reading or visible physical condition shown in the image is [number]. Evaluation: The observation from Q1 violates the Safety Rule because it indicates a surface rust. Final Verdict: SAFE.,1,SAFE,Q1: Observation: The exact numeric reading or visible physical condition shown in the image is [number]. Evaluation: The observation from Q1 violates the Safety Rule because it indicates a surface rust.
169,pipe_non_corroded (18).jpg,pipeline,Low Resolution,Non corroded/ Rust,,Alert on any sign of surface oxidation or corrosion.,Non corroded/ Rust NA,Rule A,Surface oxidation/rust is present.,1,UNSAFE,Dataset/Pipes/Non defected/pipe_non_corroded (18).jpg,Data_Preprocessed/pipe_non_corroded (18).jpg,Low Resolution,Q1: 0.0. Q2: No. Q3: SAFE.,1,SAFE,Q1: 0.0. Q2: No. Q3: SAFE.
170,pipe_non_corroded (18).jpg,pipeline,Low Resolution,Non corroded/ Rust,,"Surface rust is acceptable. Alert only for structural defects, dents, cracks, or leaks.",Non corroded/ Rust NA,Rule B,Image shows surface rust but no critical defects.,1,SAFE,Dataset/Pipes/Non defected/pipe_non_corroded (18).jpg,Data_Preprocessed/pipe_non_corroded (18).jpg,Low Resolution,Q1: 0.95. Q2: No. Q3: SAFE.,1,SAFE,Q1: 0.95. Q2: No. Q3: SAFE.
171,pipe_non_corroded (19).jpg,pipeline,,Non corroded/ No rust,,Alert on any sign of surface oxidation or corrosion.,Non corroded/ No rust NA,Rule A,Surface is clean and nominal.,0,SAFE,Dataset/Pipes/Non defected/pipe_non_corroded (19).jpg,Data_Preprocessed/pipe_non_corroded (19).jpg,,Q1: 0.5. Q2: No. Q3: SAFE.,1,SAFE,Q1: 0.5. Q2: No. Q3: SAFE.
172,pipe_non_corroded (19).jpg,pipeline,,Non corroded/ No rust,,"Surface rust is acceptable. Alert only for structural defects, dents, cracks, or leaks.",Non corroded/ No rust NA,Rule B,Surface is clean and nominal.,0,SAFE,Dataset/Pipes/Non defected/pipe_non_corroded (19).jpg,Data_Preprocessed/pipe_non_corroded (19).jpg,,Q1: 50.0 Q2: The observation does not violate the rule. Q3: SAFE.,1,SAFE,Q1: 50.0 Q2: The observation does not violate the rule. Q3: SAFE.
173,pipe_non_corroded (2).jpg,pipeline,,Non corroded/ No rust,,Alert on any sign of surface oxidation or corrosion.,Non corroded/ No rust NA,Rule A,Surface is clean and nominal.,0,SAFE,Dataset/Pipes/Non defected/pipe_non_corroded (2).jpg,Data_Preprocessed/pipe_non_corroded (2).jpg,,Q1: 0.5. Q2: Yes. Q3: SAFE.,1,SAFE,Q1: 0.5. Q2: Yes. Q3: SAFE.
174,pipe_non_corroded (2).jpg,pipeline,,Non corroded/ No rust,,"Surface rust is acceptable. Alert only for structural defects, dents, cracks, or leaks.",Non corroded/ No rust NA,Rule B,Surface is clean and nominal.,0,SAFE,Dataset/Pipes/Non defected/pipe_non_corroded (2).jpg,Data_Preprocessed/pipe_non_corroded (2).jpg,,Q1: 0.5. Q2: No. Q3: SAFE.,1,SAFE,Q1: 0.5. Q2: No. Q3: SAFE.
175,pipe_non_corroded (20).jpg,pipeline,,Non corroded/ No rust,,Alert on any sign of surface oxidation or corrosion.,Non corroded/ No rust NA,Rule A,Surface is clean and nominal.,0,SAFE,Dataset/Pipes/Non defected/pipe_non_corroded (20).jpg,Data_Preprocessed/pipe_non_corroded (20).jpg,,Q1: 0.5. Q2: Yes. Q3: SAFE.,1,SAFE,Q1: 0.5. Q2: Yes. Q3: SAFE.
176,pipe_non_corroded (20).jpg,pipeline,,Non corroded/ No rust,,"Surface rust is acceptable. Alert only for structural defects, dents, cracks, or leaks.",Non corroded/ No rust NA,Rule B,Surface is clean and nominal.,0,SAFE,Dataset/Pipes/Non defected/pipe_non_corroded (20).jpg,Data_Preprocessed/pipe_non_corroded (20).jpg,,Q1: 0.5. Q2: No. Q3: SAFE.,1,SAFE,Q1: 0.5. Q2: No. Q3: SAFE.
177,pipe_non_corroded (21).jpg,pipeline,,Non corroded/ No rust,,Alert on any sign of surface oxidation or corrosion.,Non corroded/ No rust NA,Rule A,Surface is clean and nominal.,0,SAFE,Dataset/Pipes/Non defected/pipe_non_corroded (21).jpg,Data_Preprocessed/pipe_non_corroded (21).jpg,,Q1: 0.0 Q2: Yes. Q3: SAFE.,1,SAFE,Q1: 0.0 Q2: Yes. Q3: SAFE.
178,pipe_non_corroded (21).jpg,pipeline,,Non corroded/ No rust,,"Surface rust is acceptable. Alert only for structural defects, dents, cracks, or leaks.",Non corroded/ No rust NA,Rule B,Surface is clean and nominal.,0,SAFE,Dataset/Pipes/Non defected/pipe_non_corroded (21).jpg,Data_Preprocessed/pipe_non_corroded (21).jpg,,Q1: 0.0 Q2: Yes. Q3: SAFE.,1,SAFE,Q1: 0.0 Q2: Yes. Q3: SAFE.
179,pipe_non_corroded (22).jpg,pipeline,,Non corroded/ Rust,,Alert on any sign of surface oxidation or corrosion.,Non corroded/ Rust NA,Rule A,Surface oxidation/rust is present.,0,UNSAFE,Dataset/Pipes/Non defected/pipe_non_corroded (22).jpg,Data_Preprocessed/pipe_non_corroded (22).jpg,,Q1: 0.5. Q2: No. Q3: SAFE.,1,SAFE,Q1: 0.5. Q2: No. Q3: SAFE.
180,pipe_non_corroded (22).jpg,pipeline,,Non corroded/ Rust,,"Surface rust is acceptable. Alert only for structural defects, dents, cracks, or leaks.",Non corroded/ Rust NA,Rule B,Image shows surface rust but no critical defects.,0,SAFE,Dataset/Pipes/Non defected/pipe_non_corroded (22).jpg,Data_Preprocessed/pipe_non_corroded (22).jpg,,Q1: 0.5. Q2: No. Q3: SAFE.,1,SAFE,Q1: 0.5. Q2: No. Q3: SAFE.
181,pipe_non_corroded (23).jpg,pipeline,Low Resolution,Non corroded/ Rust,,Alert on any sign of surface oxidation or corrosion.,Non corroded/ Rust NA,Rule A,Surface oxidation/rust is present.,1,UNSAFE,Dataset/Pipes/Non defected/pipe_non_corroded (23).jpg,Data_Preprocessed/pipe_non_corroded (23).jpg,Low Resolution,Q1: 0.5. Q2: Yes. Q3: SAFE.,1,SAFE,Q1: 0.5. Q2: Yes. Q3: SAFE.
182,pipe_non_corroded (23).jpg,pipeline,Low Resolution,Non corroded/ Rust,,"Surface rust is acceptable. Alert only for structural defects, dents, cracks, or leaks.",Non corroded/ Rust NA,Rule B,Image shows surface rust but no critical defects.,1,SAFE,Dataset/Pipes/Non defected/pipe_non_corroded (23).jpg,Data_Preprocessed/pipe_non_corroded (23).jpg,Low Resolution,Q1: 0.5. Q2: No. Q3: SAFE.,1,SAFE,Q1: 0.5. Q2: No. Q3: SAFE.
183,pipe_non_corroded (24).jpg,pipeline,,Non corroded/ Rust,,Alert on any sign of surface oxidation or corrosion.,Non corroded/ Rust NA,Rule A,Surface oxidation/rust is present.,0,UNSAFE,Dataset/Pipes/Non defected/pipe_non_corroded (24).jpg,Data_Preprocessed/pipe_non_corroded (24).jpg,,Q1: 0.85. Q2: No. Q3: SAFE.,1,SAFE,Q1: 0.85. Q2: No. Q3: SAFE.
184,pipe_non_corroded (24).jpg,pipeline,,Non corroded/ Rust,,"Surface rust is acceptable. Alert only for structural defects, dents, cracks, or leaks.",Non corroded/ Rust NA,Rule B,Image shows surface rust but no critical defects.,0,SAFE,Dataset/Pipes/Non defected/pipe_non_corroded (24).jpg,Data_Preprocessed/pipe_non_corroded (24).jpg,,Q1: 0.5. Q2: No. Q3: SAFE.,1,SAFE,Q1: 0.5. Q2: No. Q3: SAFE.
185,pipe_non_corroded (25).jpg,pipeline,Low Resolution,Non corroded/ No rust,,Alert on any sign of surface oxidation or corrosion.,Non corroded/ No rust NA,Rule A,Surface is clean and nominal.,1,SAFE,Dataset/Pipes/Non defected/pipe_non_corroded (25).jpg,Data_Preprocessed/pipe_non_corroded (25).jpg,Low Resolution,Q1: 0.5. Q2: Yes. Q3: SAFE.,1,SAFE,Q1: 0.5. Q2: Yes. Q3: SAFE.
186,pipe_non_corroded (25).jpg,pipeline,Low Resolution,Non corroded/ No rust,,"Surface rust is acceptable. Alert only for structural defects, dents, cracks, or leaks.",Non corroded/ No rust NA,Rule B,Surface is clean and nominal.,1,SAFE,Dataset/Pipes/Non defected/pipe_non_corroded (25).jpg,Data_Preprocessed/pipe_non_corroded (25).jpg,Low Resolution,Q1: 0 Q2: Yes Q3: SAFE,1,SAFE,Q1: 0 Q2: Yes Q3: SAFE
187,pipe_non_corroded (3).jpg,pipeline,,Non corroded/ No rust,,Alert on any sign of surface oxidation or corrosion.,Non corroded/ No rust NA,Rule A,Surface is clean and nominal.,0,SAFE,Dataset/Pipes/Non defected/pipe_non_corroded (3).jpg,Data_Preprocessed/pipe_non_corroded (3).jpg,,Q1: 0.0 Q2: Yes Q3: SAFE.,1,SAFE,Q1: 0.0 Q2: Yes Q3: SAFE.
188,pipe_non_corroded (3).jpg,pipeline,,Non corroded/ No rust,,"Surface rust is acceptable. Alert only for structural defects, dents, cracks, or leaks.",Non corroded/ No rust NA,Rule B,Surface is clean and nominal.,0,SAFE,Dataset/Pipes/Non defected/pipe_non_corroded (3).jpg,Data_Preprocessed/pipe_non_corroded (3).jpg,,Q1: 0.5. Q2: Yes. Q3: SAFE.,1,SAFE,Q1: 0.5. Q2: Yes. Q3: SAFE.
189,pipe_non_corroded (4).jpg,pipeline,,Non corroded/ No rust,,Alert on any sign of surface oxidation or corrosion.,Non corroded/ No rust NA,Rule A,Surface is clean and nominal.,0,SAFE,Dataset/Pipes/Non defected/pipe_non_corroded (4).jpg,Data_Preprocessed/pipe_non_corroded (4).jpg,,Q1: 0.0 Q2: Yes Q3: SAFE,1,SAFE,Q1: 0.0 Q2: Yes Q3: SAFE
190,pipe_non_corroded (4).jpg,pipeline,,Non corroded/ No rust,,"Surface rust is acceptable. Alert only for structural defects, dents, cracks, or leaks.",Non corroded/ No rust NA,Rule B,Surface is clean and nominal.,0,SAFE,Dataset/Pipes/Non defected/pipe_non_corroded (4).jpg,Data_Preprocessed/pipe_non_corroded (4).jpg,,Q1: 0.5. Q2: No. Q3: SAFE.,1,SAFE,Q1: 0.5. Q2: No. Q3: SAFE.
191,pipe_non_corroded (5).jpg,pipeline,Distorted,Non corroded/ Rust,,Alert on any sign of surface oxidation or corrosion.,Non corroded/ Rust NA,Rule A,Surface oxidation/rust is present.,1,UNSAFE,Dataset/Pipes/Non defected/pipe_non_corroded (5).jpg,Data_Preprocessed/pipe_non_corroded (5).jpg,Distorted,Q1: 0.5. Q2: No. Q3: SAFE.,1,SAFE,Q1: 0.5. Q2: No. Q3: SAFE.
192,pipe_non_corroded (5).jpg,pipeline,Distorted,Non corroded/ Rust,,"Surface rust is acceptable. Alert only for structural defects, dents, cracks, or leaks.",Non corroded/ Rust NA,Rule B,Image shows surface rust but no critical defects.,1,SAFE,Dataset/Pipes/Non defected/pipe_non_corroded (5).jpg,Data_Preprocessed/pipe_non_corroded (5).jpg,Distorted,Q1: 0.0 Q2: No Q3: SAFE,1,SAFE,Q1: 0.0 Q2: No Q3: SAFE
193,pipe_non_corroded (6).jpg,pipeline,,Non corroded/ No rust,,Alert on any sign of surface oxidation or corrosion.,Non corroded/ No rust NA,Rule A,Surface is clean and nominal.,0,SAFE,Dataset/Pipes/Non defected/pipe_non_corroded (6).jpg,Data_Preprocessed/pipe_non_corroded (6).jpg,,Q1: 0.5. Q2: Yes. Q3: SAFE.,1,SAFE,Q1: 0.5. Q2: Yes. Q3: SAFE.
194,pipe_non_corroded (6).jpg,pipeline,,Non corroded/ No rust,,"Surface rust is acceptable. Alert only for structural defects, dents, cracks, or leaks.",Non corroded/ No rust NA,Rule B,Surface is clean and nominal.,0,SAFE,Dataset/Pipes/Non defected/pipe_non_corroded (6).jpg,Data_Preprocessed/pipe_non_corroded (6).jpg,,Q1: 0.5. Q2: No. Q3: SAFE.,1,SAFE,Q1: 0.5. Q2: No. Q3: SAFE.
195,pipe_non_corroded (7).jpg,pipeline,,Non corroded/ No rust,,Alert on any sign of surface oxidation or corrosion.,Non corroded/ No rust NA,Rule A,Surface is clean and nominal.,0,SAFE,Dataset/Pipes/Non defected/pipe_non_corroded (7).jpg,Data_Preprocessed/pipe_non_corroded (7).jpg,,Q1: 0.5. Q2: No. Q3: SAFE.,1,SAFE,Q1: 0.5. Q2: No. Q3: SAFE.
196,pipe_non_corroded (7).jpg,pipeline,,Non corroded/ No rust,,"Surface rust is acceptable. Alert only for structural defects, dents, cracks, or leaks.",Non corroded/ No rust NA,Rule B,Surface is clean and nominal.,0,SAFE,Dataset/Pipes/Non defected/pipe_non_corroded (7).jpg,Data_Preprocessed/pipe_non_corroded (7).jpg,,Q1: 0.5. Q2: No. Q3: SAFE.,1,SAFE,Q1: 0.5. Q2: No. Q3: SAFE.
197,pipe_non_corroded (8).jpg,pipeline,,Non corroded/ No rust,,Alert on any sign of surface oxidation or corrosion.,Non corroded/ No rust NA,Rule A,Surface is clean and nominal.,0,SAFE,Dataset/Pipes/Non defected/pipe_non_corroded (8).jpg,Data_Preprocessed/pipe_non_corroded (8).jpg,,Q1: 0.5. Q2: Yes. Q3: SAFE.,1,SAFE,Q1: 0.5. Q2: Yes. Q3: SAFE.
198,pipe_non_corroded (8).jpg,pipeline,,Non corroded/ No rust,,"Surface rust is acceptable. Alert only for structural defects, dents, cracks, or leaks.",Non corroded/ No rust NA,Rule B,Surface is clean and nominal.,0,SAFE,Dataset/Pipes/Non defected/pipe_non_corroded (8).jpg,Data_Preprocessed/pipe_non_corroded (8).jpg,,Q1: 0.5. Q2: No. Q3: SAFE.,1,SAFE,Q1: 0.5. Q2: No. Q3: SAFE.
199,pipe_non_corroded (9).jpg,pipeline,,Non corroded/ No rust,,Alert on any sign of surface oxidation or corrosion.,Non corroded/ No rust NA,Rule A,Surface is clean and nominal.,0,SAFE,Dataset/Pipes/Non defected/pipe_non_corroded (9).jpg,Data_Preprocessed/pipe_non_corroded (9).jpg,,Q1: 0.5. Q2: No. Q3: SAFE.,1,SAFE,Q1: 0.5. Q2: No. Q3: SAFE.
200,pipe_non_corroded (9).jpg,pipeline,,Non corroded/ No rust,,"Surface rust is acceptable. Alert only for structural defects, dents, cracks, or leaks.",Non corroded/ No rust NA,Rule B,Surface is clean and nominal.,0,SAFE,Dataset/Pipes/Non defected/pipe_non_corroded (9).jpg,Data_Preprocessed/pipe_non_corroded (9).jpg,,Q1: 0.5. Q2: No. Q3: SAFE.,1,SAFE,Q1: 0.5. Q2: No. Q3: SAFE.
