index,image_id,category,artifact_tag,ground_truth_value,unit,logic_constraint,expected_value,rule_id,reasoning,hard_case_flag,expected_verdict,full_path,processed_path,constraint,model_response,run_iteration
1,guage (1).jpg,guage,Oblique Angle,0.15,bar,Alert if pressure exceeds 0.10 bar.,0.15 bar,Rule A,Value is 0.15. 0.15 > 0.10.,1,UNSAFE,Dataset/Guages/guage (1).jpg,Data_Preprocessed/guage (1).jpg,Oblique Angle,"Reasoning: 0.6 bar is greater than 0.5 bar. Therefore, it violates the given safety constraint.
Final Verdict: SAFE.",3
2,guage (1).jpg,guage,Oblique Angle,0.15,bar,Alert if pressure exceeds 0.20 bar.,0.15 bar,Rule B,Value is 0.15. 0.15 < 0.20.,1,SAFE,Dataset/Guages/guage (1).jpg,Data_Preprocessed/guage (1).jpg,Oblique Angle,"Reasoning: 0.6 bar is greater than 0.20 bar.
Final Verdict: SAFE.",3
3,guage (10).jpg,guage,,0,bar,Alert if pressure is above 0.05 bar.,0 bar,Rule A,Value is 0. 0 < 0.05.,0,SAFE,Dataset/Guages/guage (10).jpg,Data_Preprocessed/guage (10).jpg,,"Reasoning: 0.6 bar is greater than 0.5 bar. Therefore, the image violates the safety constraint.",3
4,guage (10).jpg,guage,,0,bar,Alert if system is non-pressurized (0 bar).,0 bar,Rule B,Value is 0. System is non-pressurized.,0,UNSAFE,Dataset/Guages/guage (10).jpg,Data_Preprocessed/guage (10).jpg,,"Reasoning: 0 bar is not considered non-pressurized, as it is still at a safe level for the system's operating conditions.",3
5,guage (11).jpg,guage,Oblique Angle,25,kPa,Normal range is < 20 kPa. Alert if over.,25 kPa,Rule A,Value is 25. 25 > 20.,1,UNSAFE,Dataset/Guages/guage (11).jpg,Data_Preprocessed/guage (11).jpg,Oblique Angle,"Reasoning: 20 kPa is not in the normal range. So, it's UNSAFE.",3
6,guage (11).jpg,guage,Oblique Angle,25,kPa,Normal range is < 30 kPa. Alert if over.,25 kPa,Rule B,Value is 25. 25 < 30.,1,SAFE,Dataset/Guages/guage (11).jpg,Data_Preprocessed/guage (11).jpg,Oblique Angle,Reasoning: 0.6 is not within the normal range.,3
7,guage (12).jpg,guage,Oblique Angle,100,,Alert if reading exceeds 80 NA.,100 NA,Rule A,Value is 100. 100 > 80.,1,UNSAFE,Dataset/Guages/guage (12).jpg,Data_Preprocessed/guage (12).jpg,Oblique Angle,Reasoning: 0.6 is greater than 80. Final Verdict: SAFE.,3
8,guage (12).jpg,guage,Oblique Angle,100,,Alert if reading exceeds 120 NA.,100 NA,Rule B,Value is 100. 100 < 120.,1,SAFE,Dataset/Guages/guage (12).jpg,Data_Preprocessed/guage (12).jpg,Oblique Angle,Reasoning: 120 is not greater than 0.5. 0.6 is greater than 0.5. 0.6 is UNSAFE.,3
9,guage (13).jpg,guage,Obstruction,2,bar,Operating limit is 1.5 bar. Alert if over.,2 bar,Rule A,Value is 2. 2 > 1.5.,1,UNSAFE,Dataset/Guages/guage (13).jpg,Data_Preprocessed/guage (13).jpg,Obstruction,Reasoning: 1.5 bar is greater than 1.5. 0.5 bar is less than 1.5. 0.5 bar is UNSAFE.,3
10,guage (13).jpg,guage,Obstruction,2,bar,Operating limit is 3.0 bar. Alert if over.,2 bar,Rule B,Value is 2. 2 < 3.0.,1,SAFE,Dataset/Guages/guage (13).jpg,Data_Preprocessed/guage (13).jpg,Obstruction,Reasoning: 3.0 bar is above the operating limit.,3
11,guage (14).jpg,guage,,18,lbf/in2,Alert if pressure exceeds 14 lbf/in2.,18 lbf/in2,Rule A,Value is 18. 18 > 14.,0,UNSAFE,Dataset/Guages/guage (14).jpg,Data_Preprocessed/guage (14).jpg,,Reasoning: 14 lbf/in2 is greater than 14 lbf/in2. 0.6 lbf/in2 is less than 14 lbf/in2. 0.6 is UNSAFE.,3
12,guage (14).jpg,guage,,18,lbf/in2,Alert if pressure exceeds 22 lbf/in2.,18 lbf/in2,Rule B,Value is 18. 18 < 22.,0,SAFE,Dataset/Guages/guage (14).jpg,Data_Preprocessed/guage (14).jpg,,Reasoning: 22 lbf/in2 is greater than 22 lbf/in2. 0.6 lbf/in2 is less than 22 lbf/in2. 0.6 is UNSAFE.,3
13,guage (15).jpg,guage,Low Resolution,0,,Alert if reading is above 5 NA.,0 NA,Rule A,Value is 0. 0 < 5.,1,SAFE,Dataset/Guages/guage (15).jpg,Data_Preprocessed/guage (15).jpg,Low Resolution,"Reasoning: 0.6 bar is greater than 0.5 bar. Therefore, the reading is safe.",3
14,guage (15).jpg,guage,Low Resolution,0,,Alert if system is at 0 NA.,0 NA,Rule B,Value is 0. System is at 0.,1,UNSAFE,Dataset/Guages/guage (15).jpg,Data_Preprocessed/guage (15).jpg,Low Resolution,Reasoning: 0.6 is greater than 0.5. 0.6 is not equal to 0.5. 0.6 is greater than 0.5. 0.6 is greater than 0.5. 0.6 is greater than 0.5. 0.6 is greater than 0.5. 0.6 is greater than 0.5. 0.6 is greater than 0.5. 0.6 is greater than 0.5. 0.6 is greater than 0.5. 0.6 is greater than,3
15,guage (16).jpg,guage,,125,kN/m2,Alert if value exceeds 100 kN/m2.,125 kN/m2,Rule A,Value is 125. 125 > 100.,0,UNSAFE,Dataset/Guages/guage (16).jpg,Data_Preprocessed/guage (16).jpg,,Reasoning: 100 kN/m2 is beyond safe limits. 100 kN/m2 is UNSAFE.,3
16,guage (16).jpg,guage,,125,kN/m2,Alert if value exceeds 150 kN/m2.,125 kN/m2,Rule B,Value is 125. 125 < 150.,0,SAFE,Dataset/Guages/guage (16).jpg,Data_Preprocessed/guage (16).jpg,,"Reasoning: 150 kN/m2 is greater than 150 kN/m2.
Final Verdict: SAFE.",3
17,guage (17).jpg,guage,Oblique Angle,200,psi,Alert if pressure is > 160 psi.,200 psi,Rule A,Value is 200. 200 > 160.,1,UNSAFE,Dataset/Guages/guage (17).jpg,Data_Preprocessed/guage (17).jpg,Oblique Angle,Reasoning: 160 psi is less than 160. 160 is UNSAFE.,3
18,guage (17).jpg,guage,Oblique Angle,200,psi,Alert if pressure is > 240 psi.,200 psi,Rule B,Value is 200. 200 < 240.,1,SAFE,Dataset/Guages/guage (17).jpg,Data_Preprocessed/guage (17).jpg,Oblique Angle,"Reasoning: 240 psi is above the safe limit.
Final Verdict: UNSAFE.",3
19,guage (18).jpg,guage,Oblique Angle,30,,Alert if reading exceeds 24 NA.,30 NA,Rule A,Value is 30. 30 > 24.,1,UNSAFE,Dataset/Guages/guage (18).jpg,Data_Preprocessed/guage (18).jpg,Oblique Angle,Reasoning: 0.6 is greater than 0.5. 0.6 is not above 24. 0.6 is safe.,3
20,guage (18).jpg,guage,Oblique Angle,30,,Alert if reading exceeds 36 NA.,30 NA,Rule B,Value is 30. 30 < 36.,1,SAFE,Dataset/Guages/guage (18).jpg,Data_Preprocessed/guage (18).jpg,Oblique Angle,Reasoning: 0.6 bar is greater than 0.5 bar. 0.6 is greater than 36. 0.6 is not UNSAFE.,3
21,guage (19).jpg,guage,Oblique Angle,2.2,liter,Alert if level is > 1.7 liter.,2.2 liter,Rule A,Value is 2.2. 2.2 > 1.7.,1,UNSAFE,Dataset/Guages/guage (19).jpg,Data_Preprocessed/guage (19).jpg,Oblique Angle,"Reasoning: 1.17 is greater than 1.7.
Final Verdict: SAFE.",3
22,guage (19).jpg,guage,Oblique Angle,2.2,liter,Alert if level is > 2.7 liter.,2.2 liter,Rule B,Value is 2.2. 2.2 < 2.7.,1,SAFE,Dataset/Guages/guage (19).jpg,Data_Preprocessed/guage (19).jpg,Oblique Angle,Reasoning: 2.7 is not above 2.7 liters.,3
23,guage (2).jpg,guage,Oblique Angle,0,kg/cm2,Alert if value exceeds 2 kg/cm2.,0 kg/cm2,Rule A,Value is 0. 0 < 2.,1,SAFE,Dataset/Guages/guage (2).jpg,Data_Preprocessed/guage (2).jpg,Oblique Angle,"Reasoning: 2 kg/cm2 is greater than 1 kg/cm2.
Final Verdict: SAFE.",3
24,guage (2).jpg,guage,Oblique Angle,0,kg/cm2,Alert if system pressure drops to 0 kg/cm2.,0 kg/cm2,Rule B,Value is 0. System pressure is at 0.,1,UNSAFE,Dataset/Guages/guage (2).jpg,Data_Preprocessed/guage (2).jpg,Oblique Angle,Reasoning: 0 kg/cm2 is less than 0.5. 0 kg/cm2 is not below 0.,3
25,guage (20).jpg,guage,Glare,4,kgf/cm2,Alert if needle is past 3.0 kgf/cm2.,4 kgf/cm2,Rule A,Value is 4. 4 > 3.0.,1,UNSAFE,Dataset/Guages/guage (20).jpg,Data_Preprocessed/guage (20).jpg,Glare,"Reasoning: 3.0 kgf/cm2 is above 3.0 kgf/cm2.
Final Verdict: UNSAFE.",3
26,guage (20).jpg,guage,Glare,4,kgf/cm2,Alert if needle is past 5.0 kgf/cm2.,4 kgf/cm2,Rule B,Value is 4. 4 < 5.0.,1,SAFE,Dataset/Guages/guage (20).jpg,Data_Preprocessed/guage (20).jpg,Glare,"Reasoning: 1.0 kgf/cm2 is less than 5.0 kgf/cm2.
Final Verdict: UNSAFE.",3
27,guage (21).jpg,guage,Low Contrast,2.5,kPa,Alert if reading exceeds 2.0 kPa.,2.5 kPa,Rule A,Value is 2.5. 2.5 > 2.0.,1,UNSAFE,Dataset/Guages/guage (21).jpg,Data_Preprocessed/guage (21).jpg,Low Contrast,Reasoning: 2.0 kPa is less than 4.0 kPa. 4.0 kPa is greater than 2.0 kPa.,3
28,guage (21).jpg,guage,Low Contrast,2.5,kPa,Alert if reading exceeds 3.0 kPa.,2.5 kPa,Rule B,Value is 2.5. 2.5 < 3.0.,1,SAFE,Dataset/Guages/guage (21).jpg,Data_Preprocessed/guage (21).jpg,Low Contrast,"Reasoning: 3.0 kPa is above 3.0 kPa.
Final Verdict: UNSAFE.",3
29,guage (22).jpg,guage,Oblique Angle,1.5,Pa,Alert if value > 1.2 Pa.,1.5 Pa,Rule A,Value is 1.5. 1.5 > 1.2.,1,UNSAFE,Dataset/Guages/guage (22).jpg,Data_Preprocessed/guage (22).jpg,Oblique Angle,"Reasoning: 1.2 is greater than 1.2.
Final Verdict: SAFE.",3
30,guage (22).jpg,guage,Oblique Angle,1.5,Pa,Alert if value > 1.8 Pa.,1.5 Pa,Rule B,Value is 1.5. 1.5 < 1.8.,1,SAFE,Dataset/Guages/guage (22).jpg,Data_Preprocessed/guage (22).jpg,Oblique Angle,Reasoning: 1.0 is less than 1.8. 1.0 is not greater than 1.8. 1.0 is UNSAFE.,3
31,guage (23).jpg,guage,,23,celcius,Alert if temperature exceeds 18 celcius.,23 celcius,Rule A,Value is 23. 23 > 18.,0,UNSAFE,Dataset/Guages/guage (23).jpg,Data_Preprocessed/guage (23).jpg,,Reasoning: 18 celcius is above 18.,3
32,guage (23).jpg,guage,,23,celcius,Alert if temperature exceeds 28 celcius.,23 celcius,Rule B,Value is 23. 23 < 28.,0,SAFE,Dataset/Guages/guage (23).jpg,Data_Preprocessed/guage (23).jpg,,"Reasoning: 28 celcius is above 28 celcius.
Final Verdict: UNSAFE.",3
33,guage (24).jpg,guage,,1,bar,Alert if pressure exceeds 0.8 bar.,1 bar,Rule A,Value is 1. 1 > 0.8.,0,UNSAFE,Dataset/Guages/guage (24).jpg,Data_Preprocessed/guage (24).jpg,,Reasoning: 0.8 bar is above 0.8. 0.8 is not safe. 0.8 bar is unsafe. 0.8 bar is unsafe.,3
34,guage (24).jpg,guage,,1,bar,Alert if pressure exceeds 1.2 bar.,1 bar,Rule B,Value is 1. 1 < 1.2.,0,SAFE,Dataset/Guages/guage (24).jpg,Data_Preprocessed/guage (24).jpg,,"Reasoning: 0.6 bar is greater than 0.5 bar, so it's safe.",3
35,guage (25).jpg,guage,Oblique Angle,0,,Alert if reading is > 5 NA.,0 NA,Rule A,Value is 0. 0 < 5.,1,SAFE,Dataset/Guages/guage (25).jpg,Data_Preprocessed/guage (25).jpg,Oblique Angle,Reasoning: 5 is not in range.,3
36,guage (25).jpg,guage,Oblique Angle,0,,Alert if system is at 0 NA.,0 NA,Rule B,Value is 0. System is at 0.,1,UNSAFE,Dataset/Guages/guage (25).jpg,Data_Preprocessed/guage (25).jpg,Oblique Angle,Reasoning: 0.6 bar is greater than 0.5 bar. This meets the safety constraint.,3
37,guage (26).jpg,guage,,400,kPa,Alert if value is > 320 kPa.,400 kPa,Rule A,Value is 400. 400 > 320.,0,UNSAFE,Dataset/Guages/guage (26).jpg,Data_Preprocessed/guage (26).jpg,,"Reasoning: 0.6 bar > 320 kPa.
Final Verdict: SAFE.",3
38,guage (26).jpg,guage,,400,kPa,Alert if value is > 480 kPa.,400 kPa,Rule B,Value is 400. 400 < 480.,0,SAFE,Dataset/Guages/guage (26).jpg,Data_Preprocessed/guage (26).jpg,,"Reasoning: 480 kPa is above 480 kPa.
Final Verdict: UNSAFE.",3
39,guage (27).jpg,guage,Oblique Angle,1000,mbar,Alert if pressure exceeds 800 mbar.,1000 mbar,Rule A,Value is 1000. 1000 > 800.,1,UNSAFE,Dataset/Guages/guage (27).jpg,Data_Preprocessed/guage (27).jpg,Oblique Angle,Reasoning: 800 mbar is above 800 mbar. 800 mbar is UNSAFE.,3
40,guage (27).jpg,guage,Oblique Angle,1000,mbar,Alert if pressure exceeds 1200 mbar.,1000 mbar,Rule B,Value is 1000. 1000 < 1200.,1,SAFE,Dataset/Guages/guage (27).jpg,Data_Preprocessed/guage (27).jpg,Oblique Angle,Reasoning: 1200 mbar is greater than 1200 mbar. 1200 mbar is UNSAFE.,3
41,guage (28).jpg,guage,Oblique Angle,125,psi,Alert if pressure exceeds 100 psi.,125 psi,Rule A,Value is 125. 125 > 100.,1,UNSAFE,Dataset/Guages/guage (28).jpg,Data_Preprocessed/guage (28).jpg,Oblique Angle,"Reasoning: 100 psi is greater than 100.
Final Verdict: SAFE.",3
42,guage (28).jpg,guage,Oblique Angle,125,psi,Alert if pressure exceeds 150 psi.,125 psi,Rule B,Value is 125. 125 < 150.,1,SAFE,Dataset/Guages/guage (28).jpg,Data_Preprocessed/guage (28).jpg,Oblique Angle,Reasoning: 150 psi is above 150. 150 is UNSAFE.,3
43,guage (29).jpg,guage,Oblique Angle,0,in hg,Alert if vacuum > 5 in hg.,0 in hg,Rule A,Value is 0. 0 < 5.,1,SAFE,Dataset/Guages/guage (29).jpg,Data_Preprocessed/guage (29).jpg,Oblique Angle,Reasoning: 5 gps is above 5. 5 gps is not safe. 0.6 bar is above 0.5 bar. 0.6 bar is safe.,3
44,guage (29).jpg,guage,Oblique Angle,0,in hg,Alert if vacuum drops to 0 in hg.,0 in hg,Rule B,Value is 0. Vacuum is at 0.,1,UNSAFE,Dataset/Guages/guage (29).jpg,Data_Preprocessed/guage (29).jpg,Oblique Angle,"Reasoning: 0.6 bar is greater than 0.5 bar.
Final Verdict: SAFE.",3
45,guage (3).jpg,guage,Low Contrast,22,bar,Alert if pressure > 17 bar.,22 bar,Rule A,Value is 22. 22 > 17.,1,UNSAFE,Dataset/Guages/guage (3).jpg,Data_Preprocessed/guage (3).jpg,Low Contrast,"Reasoning: 17 bar is greater than 17.
Final Verdict: SAFE.",3
46,guage (3).jpg,guage,Low Contrast,22,bar,Alert if pressure > 27 bar.,22 bar,Rule B,Value is 22. 22 < 27.,1,SAFE,Dataset/Guages/guage (3).jpg,Data_Preprocessed/guage (3).jpg,Low Contrast,Reasoning: 27 bar is above 27 bar. 27 bar is not safe. 0.6 bar is below 27 bar. 0.6 bar is safe.,3
47,guage (30).jpg,guage,Oblique Angle,22,psi,Alert if pressure > 17 psi.,22 psi,Rule A,Value is 22. 22 > 17.,1,UNSAFE,Dataset/Guages/guage (30).jpg,Data_Preprocessed/guage (30).jpg,Oblique Angle,Reasoning: 17 psi is greater than 17. 17 is not safe. 17 is UNSAFE.,3
48,guage (30).jpg,guage,Oblique Angle,22,psi,Alert if pressure > 27 psi.,22 psi,Rule B,Value is 22. 22 < 27.,1,SAFE,Dataset/Guages/guage (30).jpg,Data_Preprocessed/guage (30).jpg,Oblique Angle,Reasoning: 27 psi is above 100 psi. 100 psi is not safe. 27 psi is unsafe. 27 psi is UNSAFE.,3
49,guage (31).jpg,guage,Glare/ Oblique Angle,0.02,Mpa,Alert if > 0.01 Mpa.,0.02 Mpa,Rule A,Value is 0.02. 0.02 > 0.01.,1,UNSAFE,Dataset/Guages/guage (31).jpg,Data_Preprocessed/guage (31).jpg,Glare/ Oblique Angle,"Reasoning: 0.6 bar is greater than 0.01 Mpa.
Final Verdict: SAFE.",3
50,guage (31).jpg,guage,Glare/ Oblique Angle,0.02,Mpa,Alert if > 0.03 Mpa.,0.02 Mpa,Rule B,Value is 0.02. 0.02 < 0.03.,1,SAFE,Dataset/Guages/guage (31).jpg,Data_Preprocessed/guage (31).jpg,Glare/ Oblique Angle,"Reasoning: 0.6 bar is greater than 0.03 Mpa. Therefore, it is UNSAFE.",3
51,guage (32).jpg,guage,Low Resolution,0.8,bar,Alert if > 0.6 bar.,0.8 bar,Rule A,Value is 0.8. 0.8 > 0.6.,1,UNSAFE,Dataset/Guages/guage (32).jpg,Data_Preprocessed/guage (32).jpg,Low Resolution,"Reasoning: 0.6 bar is greater than 0.5 bar. Therefore, it violates the safety constraint.
Final Verdict: UNSAFE.",3
52,guage (32).jpg,guage,Low Resolution,0.8,bar,Alert if > 1.0 bar.,0.8 bar,Rule B,Value is 0.8. 0.8 < 1.0.,1,SAFE,Dataset/Guages/guage (32).jpg,Data_Preprocessed/guage (32).jpg,Low Resolution,Reasoning: 1.0 bar is greater than 1.0. 2.0 bar is greater than 1.0.,3
53,guage (33).jpg,guage,Glare,3.6,bar,Alert if > 2.8 bar.,3.6 bar,Rule A,Value is 3.6. 3.6 > 2.8.,1,UNSAFE,Dataset/Guages/guage (33).jpg,Data_Preprocessed/guage (33).jpg,Glare,Reasoning: 2.8 bar is not in the range specified. 2.8 bar is above 2.8. 2.8 bar is not safe. 2.8 bar is not safe.,3
54,guage (33).jpg,guage,Glare,3.6,bar,Alert if > 4.4 bar.,3.6 bar,Rule B,Value is 3.6. 3.6 < 4.4.,1,SAFE,Dataset/Guages/guage (33).jpg,Data_Preprocessed/guage (33).jpg,Glare,"Reasoning: 4.4 bar is greater than 4.4 bar.
Final Verdict: SAFE.",3
55,guage (34).jpg,guage,Oblique Angle/ Low Resolution,83,kPa,Alert if pressure exceeds 66 kPa.,83 kPa,Rule A,Value is 83. 83 > 66.,1,UNSAFE,Dataset/Guages/guage (34).jpg,Data_Preprocessed/guage (34).jpg,Oblique Angle/ Low Resolution,"Reasoning: 0.6 is greater than 0.5, so it's safe.",3
56,guage (34).jpg,guage,Oblique Angle/ Low Resolution,83,kPa,Alert if pressure exceeds 100 kPa.,83 kPa,Rule B,Value is 83. 83 < 100.,1,SAFE,Dataset/Guages/guage (34).jpg,Data_Preprocessed/guage (34).jpg,Oblique Angle/ Low Resolution,Reasoning: 100 kPa is greater than 100 kPa. 100 kPa is safe.,3
57,guage (35).jpg,guage,Obstruction,35,Psi,Alert if > 28 Psi.,35 Psi,Rule A,Value is 35. 35 > 28.,1,UNSAFE,Dataset/Guages/guage (35).jpg,Data_Preprocessed/guage (35).jpg,Obstruction,"Reasoning: 28 Psi is above 28 Psi.
Final Verdict: UNSAFE.",3
58,guage (35).jpg,guage,Obstruction,35,Psi,Alert if > 42 Psi.,35 Psi,Rule B,Value is 35. 35 < 42.,1,SAFE,Dataset/Guages/guage (35).jpg,Data_Preprocessed/guage (35).jpg,Obstruction,Reasoning: 42 Psi is not safe.,3
59,guage (36).jpg,guage,Low Contrast,0.1,Mpa,Alert if > 0.08 Mpa.,0.1 Mpa,Rule A,Value is 0.1. 0.1 > 0.08.,1,UNSAFE,Dataset/Guages/guage (36).jpg,Data_Preprocessed/guage (36).jpg,Low Contrast,"Reasoning: 1. The pressure is not below 0.08 Mpa.
2. The pressure is above 0.08 Mpa.",3
60,guage (36).jpg,guage,Low Contrast,0.1,Mpa,Alert if > 0.12 Mpa.,0.1 Mpa,Rule B,Value is 0.1. 0.1 < 0.12.,1,SAFE,Dataset/Guages/guage (36).jpg,Data_Preprocessed/guage (36).jpg,Low Contrast,"Reasoning: 0.6 is greater than 0.12.
Final Verdict: SAFE.",3
61,guage (37).jpg,guage,Low Contrast,160,celcius,Alert if > 128 celcius.,160 celcius,Rule A,Value is 160. 160 > 128.,1,UNSAFE,Dataset/Guages/guage (37).jpg,Data_Preprocessed/guage (37).jpg,Low Contrast,Reasoning: 128 is too high for temperature. 128 is not within the range of safe temperatures. 128 is UNSAFE.,3
62,guage (37).jpg,guage,Low Contrast,160,celcius,Alert if > 192 celcius.,160 celcius,Rule B,Value is 160. 160 < 192.,1,SAFE,Dataset/Guages/guage (37).jpg,Data_Preprocessed/guage (37).jpg,Low Contrast,"Reasoning: 192°C is not within the range of 0-192°C. Therefore, it is UNSAFE.",3
63,guage (38).jpg,guage,,60,celcius,Alert if temperature exceeds 48 celcius.,60 celcius,Rule A,Value is 60. 60 > 48.,0,UNSAFE,Dataset/Guages/guage (38).jpg,Data_Preprocessed/guage (38).jpg,,"Reasoning: 48 celcius is above 48 celcius.
Final Verdict: UNSAFE.",3
64,guage (38).jpg,guage,,60,celcius,Alert if temperature exceeds 72 celcius.,60 celcius,Rule B,Value is 60. 60 < 72.,0,SAFE,Dataset/Guages/guage (38).jpg,Data_Preprocessed/guage (38).jpg,,"Reasoning: 72°C is above 72°C.
Final Verdict: UNSAFE.",3
65,guage (39).jpg,guage,,155,psi,Alert if > 124 psi.,155 psi,Rule A,Value is 155. 155 > 124.,0,UNSAFE,Dataset/Guages/guage (39).jpg,Data_Preprocessed/guage (39).jpg,,Reasoning: 124 psi is not safe.,3
66,guage (39).jpg,guage,,155,psi,Alert if > 186 psi.,155 psi,Rule B,Value is 155. 155 < 186.,0,SAFE,Dataset/Guages/guage (39).jpg,Data_Preprocessed/guage (39).jpg,,Reasoning: 186 psi is not safe.,3
67,guage (4).jpg,guage,Obstruction,90,fahrenheit,Alert if > 72 fahrenheit.,90 fahrenheit,Rule A,Value is 90. 90 > 72.,1,UNSAFE,Dataset/Guages/guage (4).jpg,Data_Preprocessed/guage (4).jpg,Obstruction,"Reasoning: 72°F is not in the range of safe temperatures for humans. Therefore, the image violates the safety constraint.

Final Verdict: UNSAFE.",3
68,guage (4).jpg,guage,Obstruction,90,fahrenheit,Alert if > 108 fahrenheit.,90 fahrenheit,Rule B,Value is 90. 90 < 108.,1,SAFE,Dataset/Guages/guage (4).jpg,Data_Preprocessed/guage (4).jpg,Obstruction,"Reasoning: 108°F is not within the range of safe temperatures for food storage.
Final Verdict: UNSAFE.",3
69,guage (40).jpg,guage,Low Contrast,53,celcius,Alert if > 42 celcius.,53 celcius,Rule A,Value is 53. 53 > 42.,1,UNSAFE,Dataset/Guages/guage (40).jpg,Data_Preprocessed/guage (40).jpg,Low Contrast,"Reasoning: 42 celcius is not within the range of 0-100 bar. Therefore, it violates the safety constraint.
Final Verdict: UNSAFE.",3
70,guage (40).jpg,guage,Low Contrast,53,celcius,Alert if > 64 celcius.,53 celcius,Rule B,Value is 53. 53 < 64.,1,SAFE,Dataset/Guages/guage (40).jpg,Data_Preprocessed/guage (40).jpg,Low Contrast,"Reasoning: 64°C is not in the range of 100-120°C. Therefore, it is UNSAFE.",3
71,guage (41).jpg,guage,Glare,75,fahrenheit,Alert if > 60 fahrenheit.,75 fahrenheit,Rule A,Value is 75. 75 > 60.,1,UNSAFE,Dataset/Guages/guage (41).jpg,Data_Preprocessed/guage (41).jpg,Glare,"Reasoning: 60°F is below 32°C, which is not safe for food storage.
Final Verdict: UNSAFE.",3
72,guage (41).jpg,guage,Glare,75,fahrenheit,Alert if > 90 fahrenheit.,75 fahrenheit,Rule B,Value is 75. 75 < 90.,1,SAFE,Dataset/Guages/guage (41).jpg,Data_Preprocessed/guage (41).jpg,Glare,"Reasoning: 90 degrees Fahrenheit is not safe for human exposure.
Final Verdict: UNSAFE.",3
73,guage (42).jpg,guage,,25,psi,Alert if > 20 psi.,25 psi,Rule A,Value is 25. 25 > 20.,0,UNSAFE,Dataset/Guages/guage (42).jpg,Data_Preprocessed/guage (42).jpg,,"Reasoning: 20 psi is above the safe limit.
Final Verdict: UNSAFE.",3
74,guage (42).jpg,guage,,25,psi,Alert if > 30 psi.,25 psi,Rule B,Value is 25. 25 < 30.,0,SAFE,Dataset/Guages/guage (42).jpg,Data_Preprocessed/guage (42).jpg,,Reasoning: 30 psi is less than 40. 40 is more than 30. 30 is not greater than 40. 40 is greater than 30. 30 is not greater than 40. 40 is not greater than 30. 30 is not greater than 40. 40 is not greater than 30. 30 is not greater than 40. 40 is not greater than 30. 30 is not greater than 40. 40 is not greater than 30,3
75,guage (43).jpg,guage,,43,celcius,Alert if > 34 celcius.,43 celcius,Rule A,Value is 43. 43 > 34.,0,UNSAFE,Dataset/Guages/guage (43).jpg,Data_Preprocessed/guage (43).jpg,,"Reasoning: 34°C is not within the range of 35-40°C.
Final Verdict: UNSAFE.",3
76,guage (43).jpg,guage,,43,celcius,Alert if > 52 celcius.,43 celcius,Rule B,Value is 43. 43 < 52.,0,SAFE,Dataset/Guages/guage (43).jpg,Data_Preprocessed/guage (43).jpg,,"Reasoning: 52 celcius is not within the range of 0-52 celcius. Therefore, it is UNSAFE.",3
77,guage (44).jpg,guage,Obstruction,50,celcius,Alert if > 40 celcius.,50 celcius,Rule A,Value is 50. 50 > 40.,1,UNSAFE,Dataset/Guages/guage (44).jpg,Data_Preprocessed/guage (44).jpg,Obstruction,Reasoning: 40 is less than 100. 40 is not in the range of 0-100. 40 is not within the safe temperature range. 40 is not within the safe temperature range. 40 is not within the safe temperature range. 40 is not within the safe temperature range. 40 is not within the safe temperature range. 40 is not within the safe temperature range. 40 is not within the safe temperature range. 40 is not within the safe temperature range. 40 is not within the safe temperature range. 40,3
78,guage (44).jpg,guage,Obstruction,50,celcius,Alert if > 60 celcius.,50 celcius,Rule B,Value is 50. 50 < 60.,1,SAFE,Dataset/Guages/guage (44).jpg,Data_Preprocessed/guage (44).jpg,Obstruction,"Reasoning: 60°C is not within the safe range for heat stress according to OSHA standards. Therefore, the image violates the safety constraint.
Final Verdict: UNSAFE.",3
79,guage (45).jpg,guage,,25,psi,Alert if > 20 psi.,25 psi,Rule A,Value is 25. 25 > 20.,0,UNSAFE,Dataset/Guages/guage (45).jpg,Data_Preprocessed/guage (45).jpg,,Reasoning: 20 psi is above the safe limit. 20 psi is not considered unsafe. 20 psi is below the safe limit. 20 psi is also above the safe limit.,3
80,guage (45).jpg,guage,,25,psi,Alert if > 30 psi.,25 psi,Rule B,Value is 25. 25 < 30.,0,SAFE,Dataset/Guages/guage (45).jpg,Data_Preprocessed/guage (45).jpg,,"Reasoning: 30 psi is above the safe limit.
Final Verdict: UNSAFE.",3
81,guage (46).jpg,guage,Glare,2.2,bar,Alert if > 1.7 bar.,2.2 bar,Rule A,Value is 2.2. 2.2 > 1.7.,1,UNSAFE,Dataset/Guages/guage (46).jpg,Data_Preprocessed/guage (46).jpg,Glare,"Reasoning: 1.7 bar is above 1.7. 2. The needle is pointing to 1.7, which is not within the safe range. 3. Therefore, the image violates the safety constraint.",3
82,guage (46).jpg,guage,Glare,2.2,bar,Alert if > 2.7 bar.,2.2 bar,Rule B,Value is 2.2. 2.2 < 2.7.,1,SAFE,Dataset/Guages/guage (46).jpg,Data_Preprocessed/guage (46).jpg,Glare,"Reasoning: 2.7 bar is greater than 2.7.
Final Verdict: SAFE.",3
83,guage (47).jpg,guage,Obstruction,40,psi,Alert if > 32 psi.,40 psi,Rule A,Value is 40. 40 > 32.,1,UNSAFE,Dataset/Guages/guage (47).jpg,Data_Preprocessed/guage (47).jpg,Obstruction,"Reasoning: 32 psi is above 32 psi.
Final Verdict: UNSAFE.",3
84,guage (47).jpg,guage,Obstruction,40,psi,Alert if > 48 psi.,40 psi,Rule B,Value is 40. 40 < 48.,1,SAFE,Dataset/Guages/guage (47).jpg,Data_Preprocessed/guage (47).jpg,Obstruction,"Reasoning: 48 psi is within the safe range.
Final Verdict: SAFE.",3
85,guage (48).jpg,guage,Glare/ Oblique Angle,0.17,MPa,Alert if > 0.13 MPa.,0.17 MPa,Rule A,Value is 0.17. 0.17 > 0.13.,1,UNSAFE,Dataset/Guages/guage (48).jpg,Data_Preprocessed/guage (48).jpg,Glare/ Oblique Angle,"Reasoning: 0.6 is greater than 0.13.
Final Verdict: SAFE.",3
86,guage (48).jpg,guage,Glare/ Oblique Angle,0.17,MPa,Alert if > 0.21 MPa.,0.17 MPa,Rule B,Value is 0.17. 0.17 < 0.21.,1,SAFE,Dataset/Guages/guage (48).jpg,Data_Preprocessed/guage (48).jpg,Glare/ Oblique Angle,"Reasoning: 0.6 is greater than 0.21.
Final Verdict: SAFE.",3
87,guage (49).jpg,guage,Low Resolution,35,psi,Alert if > 28 psi.,35 psi,Rule A,Value is 35. 35 > 28.,1,UNSAFE,Dataset/Guages/guage (49).jpg,Data_Preprocessed/guage (49).jpg,Low Resolution,"Reasoning: 28psi is above the safe limit.
Final Verdict: UNSAFE.",3
88,guage (49).jpg,guage,Low Resolution,35,psi,Alert if > 42 psi.,35 psi,Rule B,Value is 35. 35 < 42.,1,SAFE,Dataset/Guages/guage (49).jpg,Data_Preprocessed/guage (49).jpg,Low Resolution,"Reasoning: 0.6 is greater than 42.
Final Verdict: SAFE.",3
89,guage (5).jpg,guage,Low Contrast,70,bar,Alert if > 56 bar.,70 bar,Rule A,Value is 70. 70 > 56.,1,UNSAFE,Dataset/Guages/guage (5).jpg,Data_Preprocessed/guage (5).jpg,Low Contrast,Reasoning: 56 bar is not safe. 0.6 bar is above 0.5 bar.,3
90,guage (5).jpg,guage,Low Contrast,70,bar,Alert if > 84 bar.,70 bar,Rule B,Value is 70. 70 < 84.,1,SAFE,Dataset/Guages/guage (5).jpg,Data_Preprocessed/guage (5).jpg,Low Contrast,"Reasoning: 84 bar is not in the range of 0.5 bar. Therefore, it is UNSAFE.",3
91,guage (50).jpg,guage,,4.8,kp/cm3,Alert if > 3.8 kp/cm3.,4.8 kp/cm3,Rule A,Value is 4.8. 4.8 > 3.8.,0,UNSAFE,Dataset/Guages/guage (50).jpg,Data_Preprocessed/guage (50).jpg,,Reasoning: 3.8 kp/cm3 is not safe.,3
92,guage (50).jpg,guage,,4.8,kp/cm3,Alert if > 5.8 kp/cm3.,4.8 kp/cm3,Rule B,Value is 4.8. 4.8 < 5.8.,0,SAFE,Dataset/Guages/guage (50).jpg,Data_Preprocessed/guage (50).jpg,,"Reasoning: 5.8 kp/cm3 is not within the safe range for pressure.
Final Verdict: UNSAFE.",3
93,guage (6).jpg,guage,Glare/ Oblique Angle,34,celcius,Alert if > 27 celcius.,34 celcius,Rule A,Value is 34. 34 > 27.,1,UNSAFE,Dataset/Guages/guage (6).jpg,Data_Preprocessed/guage (6).jpg,Glare/ Oblique Angle,"Reasoning: 27°C is above the safe limit.
Final Verdict: UNSAFE.",3
94,guage (6).jpg,guage,Glare/ Oblique Angle,34,celcius,Alert if > 41 celcius.,34 celcius,Rule B,Value is 34. 34 < 41.,1,SAFE,Dataset/Guages/guage (6).jpg,Data_Preprocessed/guage (6).jpg,Glare/ Oblique Angle,"Reasoning: 41°C is not within the range of 0-41°C. Therefore, the image does not violate the given safety constraint.

Final Verdict: SAFE.",3
95,guage (7).jpg,guage,Oblique Angle,1.3,,Alert if > 1.0 NA.,1.3 NA,Rule A,Value is 1.3. 1.3 > 1.0.,1,UNSAFE,Dataset/Guages/guage (7).jpg,Data_Preprocessed/guage (7).jpg,Oblique Angle,Reasoning: 1.0 is not in range. 2.0 is in range. 3.0 is in range. 4.0 is in range. 5.0 is in range. 6.0 is in range. 7.0 is in range. 8.0 is in range. 9.0 is in range. 10.0 is in range. 11.0 is in range. 12.0 is in range. 13.0 is in range. 14.0 is in range. 15.0 is in range. 1,3
96,guage (7).jpg,guage,Oblique Angle,1.3,,Alert if > 1.6 NA.,1.3 NA,Rule B,Value is 1.3. 1.3 < 1.6.,1,SAFE,Dataset/Guages/guage (7).jpg,Data_Preprocessed/guage (7).jpg,Oblique Angle,Reasoning: 1.6 is greater than 1.6. 2. 1.6 is not in the range of 1-6. 3. 1.6 is greater than 1.5. 4. 1.6 is greater than 1.4. 5. 1.6 is greater than 1.3. 6. 1.6 is greater than 1.2. 7. 1.6 is greater than 1.1. 8. 1.6 is greater than 1.0. 9. 1.6 is greater,3
97,guage (8).jpg,guage,Oblique Angle,0,,Alert if reading > 5 NA.,0 NA,Rule A,Value is 0. 0 < 5.,1,SAFE,Dataset/Guages/guage (8).jpg,Data_Preprocessed/guage (8).jpg,Oblique Angle,Reasoning: 0.6 bar is greater than 5. 0.6 bar is not safe. 0.5 bar is less than 1. 0.5 bar is unsafe.,3
98,guage (8).jpg,guage,Oblique Angle,0,,Alert if reading is at 0 NA.,0 NA,Rule B,Value is 0. System is at 0.,1,UNSAFE,Dataset/Guages/guage (8).jpg,Data_Preprocessed/guage (8).jpg,Oblique Angle,"Reasoning: 0.6 bar is greater than 0.5 bar.
Final Verdict: SAFE.",3
99,guage (9).jpg,guage,Oblique Angle/ Obstruction,86,Pa,Alert if > 68 Pa.,86 Pa,Rule A,Value is 86. 86 > 68.,1,UNSAFE,Dataset/Guages/guage (9).jpg,Data_Preprocessed/guage (9).jpg,Oblique Angle/ Obstruction,"Reasoning: 68 Pa is greater than 68 Pa.
Final Verdict: SAFE.",3
100,guage (9).jpg,guage,Oblique Angle/ Obstruction,86,Pa,Alert if > 104 Pa.,86 Pa,Rule B,Value is 86. 86 < 104.,1,SAFE,Dataset/Guages/guage (9).jpg,Data_Preprocessed/guage (9).jpg,Oblique Angle/ Obstruction,Reasoning: 104 Pa is greater than 104. 104 is UNSAFE.,3
101,pipe_corroded (1).jpg,pipeline,Texture Overlap,Corroded/ Leak,,Alert on any sign of surface oxidation or corrosion.,Corroded/ Leak NA,Rule A,Image shows corrosion or damage.,1,UNSAFE,Dataset/Pipes/Defected/pipe_corroded (1).jpg,Data_Preprocessed/pipe_corroded (1).jpg,Texture Overlap,Reasoning: 0.6 bar is greater than 0.5. 0.6 is not less than 0.5. 0.6 is more than 0.5.,3
102,pipe_corroded (1).jpg,pipeline,Texture Overlap,Corroded/ Leak,,"Surface rust is acceptable. Alert only for structural defects, dents, cracks, or leaks.",Corroded/ Leak NA,Rule B,Critical structural defect is visible.,1,UNSAFE,Dataset/Pipes/Defected/pipe_corroded (1).jpg,Data_Preprocessed/pipe_corroded (1).jpg,Texture Overlap,Reasoning: 0.6 bar is not above 0.5 bar.,3
103,pipe_corroded (10).jpg,pipeline,Texture Overlap,Corroded/ Leak,,Alert on any sign of surface oxidation or corrosion.,Corroded/ Leak NA,Rule A,Image shows corrosion or damage.,1,UNSAFE,Dataset/Pipes/Defected/pipe_corroded (10).jpg,Data_Preprocessed/pipe_corroded (10).jpg,Texture Overlap,Reasoning: 0.6 bar is greater than 0.5 bar. 0.6 is not less than 0.5. 0.6 is not less than 0.5.,3
104,pipe_corroded (10).jpg,pipeline,Texture Overlap,Corroded/ Leak,,"Surface rust is acceptable. Alert only for structural defects, dents, cracks, or leaks.",Corroded/ Leak NA,Rule B,Critical structural defect is visible.,1,UNSAFE,Dataset/Pipes/Defected/pipe_corroded (10).jpg,Data_Preprocessed/pipe_corroded (10).jpg,Texture Overlap,"Reasoning: 1. Inspect surface rust.
2. Check for structural defects, dents, cracks, or leaks.
3. If surface rust is present, alert only for structural defects, dents, cracks, or leaks.
4. If surface rust is not present, do not alert.

Final Verdict: SAFE.",3
105,pipe_corroded (11).jpg,pipeline,Texture Overlap,Corroded/ Damaged,,Alert on any sign of surface oxidation or corrosion.,Corroded/ Damaged NA,Rule A,Image shows corrosion or damage.,1,UNSAFE,Dataset/Pipes/Defected/pipe_corroded (11).jpg,Data_Preprocessed/pipe_corroded (11).jpg,Texture Overlap,"Reasoning: 0.6 bar is greater than 0.5 bar. Therefore, the image does not violate the safety constraint.

Answer: SAFE.",3
106,pipe_corroded (11).jpg,pipeline,Texture Overlap,Corroded/ Damaged,,"Surface rust is acceptable. Alert only for structural defects, dents, cracks, or leaks.",Corroded/ Damaged NA,Rule B,Critical structural defect is visible.,1,UNSAFE,Dataset/Pipes/Defected/pipe_corroded (11).jpg,Data_Preprocessed/pipe_corroded (11).jpg,Texture Overlap,Reasoning: 0.6 bar is not above 0.5 bar. 0.6 is less than 0.5. 0.6 is not above 0.5. 0.6 is not below 0.5. 0.6 is not below 0.5.,3
107,pipe_corroded (12).jpg,pipeline,Low Resolution,Corroded/ Damaged,,Alert on any sign of surface oxidation or corrosion.,Corroded/ Damaged NA,Rule A,Image shows corrosion or damage.,1,UNSAFE,Dataset/Pipes/Defected/pipe_corroded (12).jpg,Data_Preprocessed/pipe_corroded (12).jpg,Low Resolution,Reasoning: 0.6 bar is greater than 0.5 bar. 0.6 is greater than 0.5. 0.6 is not below 0.5. 0.6 is above 0.5. 0.6 is not below 0.5. 0.6 is not below 0.5. 0.6 is not below 0.5. 0.6 is not below 0.5. 0.6 is not below 0.5. 0.6 is not below 0.5. 0.6 is not below,3
108,pipe_corroded (12).jpg,pipeline,Low Resolution,Corroded/ Damaged,,"Surface rust is acceptable. Alert only for structural defects, dents, cracks, or leaks.",Corroded/ Damaged NA,Rule B,Critical structural defect is visible.,1,UNSAFE,Dataset/Pipes/Defected/pipe_corroded (12).jpg,Data_Preprocessed/pipe_corroded (12).jpg,Low Resolution,Reasoning: 0.6 bar is not above 0.5 bar. 0.6 is below 0.5 bar.,3
109,pipe_corroded (13).jpg,pipeline,Glare,Corroded/ Leak,,Alert on any sign of surface oxidation or corrosion.,Corroded/ Leak NA,Rule A,Image shows corrosion or damage.,1,UNSAFE,Dataset/Pipes/Defected/pipe_corroded (13).jpg,Data_Preprocessed/pipe_corroded (13).jpg,Glare,"Reasoning: 0.6 bar is greater than 0.5 bar, so it's safe.",3
110,pipe_corroded (13).jpg,pipeline,Glare,Corroded/ Leak,,"Surface rust is acceptable. Alert only for structural defects, dents, cracks, or leaks.",Corroded/ Leak NA,Rule B,Critical structural defect is visible.,1,UNSAFE,Dataset/Pipes/Defected/pipe_corroded (13).jpg,Data_Preprocessed/pipe_corroded (13).jpg,Glare,Reasoning: 0.6 bar is not below 0.5 bar. 0.6 bar is above 0.5 bar.,3
111,pipe_corroded (14).jpg,pipeline,Low Resolution,Corroded/ Damaged,,Alert on any sign of surface oxidation or corrosion.,Corroded/ Damaged NA,Rule A,Image shows corrosion or damage.,1,UNSAFE,Dataset/Pipes/Defected/pipe_corroded (14).jpg,Data_Preprocessed/pipe_corroded (14).jpg,Low Resolution,Reasoning: 0.6 bar is greater than 0.5 bar. 0.6 is greater than 0.5. 0.6 is not below 0.5. 0.6 is above 0.5. 0.6 is greater than 0.5. 0.6 is greater than 0.5. 0.6 is greater than 0.5. 0.6 is greater than 0.5. 0.6 is greater than 0.5. 0.6 is greater than 0.5. 0.6 is greater than,3
112,pipe_corroded (14).jpg,pipeline,Low Resolution,Corroded/ Damaged,,"Surface rust is acceptable. Alert only for structural defects, dents, cracks, or leaks.",Corroded/ Damaged NA,Rule B,Critical structural defect is visible.,1,UNSAFE,Dataset/Pipes/Defected/pipe_corroded (14).jpg,Data_Preprocessed/pipe_corroded (14).jpg,Low Resolution,Reasoning: 0.6 bar is above 0.5 bar. 0.6 bar is not below 0.5 bar.,3
113,pipe_corroded (15).jpg,pipeline,Texture Overlap,Corroded/ Crack,,Alert on any sign of surface oxidation or corrosion.,Corroded/ Crack NA,Rule A,Image shows corrosion or damage.,1,UNSAFE,Dataset/Pipes/Defected/pipe_corroded (15).jpg,Data_Preprocessed/pipe_corroded (15).jpg,Texture Overlap,Reasoning: 0.6 bar is greater than 0.5 bar. 0.6 is not less than 0.5. 0.6 is safe. 0.5 bar is unsafe. 0.5 bar is unsafe. 0.6 is safe. 0.5 bar is unsafe. 0.5 bar is unsafe. 0.6 is safe. 0.5 bar is unsafe. 0.5 bar is unsafe.,3
114,pipe_corroded (15).jpg,pipeline,Texture Overlap,Corroded/ Crack,,"Surface rust is acceptable. Alert only for structural defects, dents, cracks, or leaks.",Corroded/ Crack NA,Rule B,Critical structural defect is visible.,1,UNSAFE,Dataset/Pipes/Defected/pipe_corroded (15).jpg,Data_Preprocessed/pipe_corroded (15).jpg,Texture Overlap,Reasoning: 0.6 bar is not more than 0.5 bar.,3
115,pipe_corroded (16).jpg,pipeline,,Corroded/ Damaged,,Alert on any sign of surface oxidation or corrosion.,Corroded/ Damaged NA,Rule A,Image shows corrosion or damage.,0,UNSAFE,Dataset/Pipes/Defected/pipe_corroded (16).jpg,Data_Preprocessed/pipe_corroded (16).jpg,,"Reasoning: 0.6 bar is greater than 0.5 bar, so it's safe.",3
116,pipe_corroded (16).jpg,pipeline,,Corroded/ Damaged,,"Surface rust is acceptable. Alert only for structural defects, dents, cracks, or leaks.",Corroded/ Damaged NA,Rule B,Critical structural defect is visible.,0,UNSAFE,Dataset/Pipes/Defected/pipe_corroded (16).jpg,Data_Preprocessed/pipe_corroded (16).jpg,,"Reasoning: 0.6 bar is greater than 0.5 bar. 0.6 is not less than 0.5. Therefore, this surface rust is safe.",3
117,pipe_corroded (17).jpg,pipeline,,Leak / Damaged,,Alert on any sign of surface oxidation or corrosion.,Leak / Damaged NA,Rule A,Image shows corrosion or damage.,0,UNSAFE,Dataset/Pipes/Defected/pipe_corroded (17).jpg,Data_Preprocessed/pipe_corroded (17).jpg,,"Reasoning: 0.6 bar is greater than 0.5 bar, so it's safe.",3
118,pipe_corroded (17).jpg,pipeline,,Leak / Damaged,,"Surface rust is acceptable. Alert only for structural defects, dents, cracks, or leaks.",Leak / Damaged NA,Rule B,Critical structural defect is visible.,0,UNSAFE,Dataset/Pipes/Defected/pipe_corroded (17).jpg,Data_Preprocessed/pipe_corroded (17).jpg,,Reasoning: 0.6 bar is not above 0.5 bar. 0.6 bar is not greater than 0.5 bar.,3
119,pipe_corroded (18).jpg,pipeline,Low Resolution,Damaged,,Alert on any sign of surface oxidation or corrosion.,Damaged NA,Rule A,Image shows corrosion or damage.,1,UNSAFE,Dataset/Pipes/Defected/pipe_corroded (18).jpg,Data_Preprocessed/pipe_corroded (18).jpg,Low Resolution,"Reasoning: 0.6 bar is not within the range of acceptable pressure for the given application. Therefore, it violates the safety constraint.",3
120,pipe_corroded (18).jpg,pipeline,Low Resolution,Damaged,,"Surface rust is acceptable. Alert only for structural defects, dents, cracks, or leaks.",Damaged NA,Rule B,Critical structural defect is visible.,1,UNSAFE,Dataset/Pipes/Defected/pipe_corroded (18).jpg,Data_Preprocessed/pipe_corroded (18).jpg,Low Resolution,Reasoning: 0.6 bar is not above 0.5 bar. 0.6 bar is not above 0.5 bar.,3
121,pipe_corroded (19).jpg,pipeline,Low Resolution,Dented,,Alert on any sign of surface oxidation or corrosion.,Dented NA,Rule A,Image shows corrosion or damage.,1,UNSAFE,Dataset/Pipes/Defected/pipe_corroded (19).jpg,Data_Preprocessed/pipe_corroded (19).jpg,Low Resolution,Reasoning: 0.6 is above 0.5. 0.6 is not below 0.5. 0.6 is greater than 0.5. 0.6 is greater than 0.5. 0.6 is greater than 0.5.,3
122,pipe_corroded (19).jpg,pipeline,Low Resolution,Dented,,"Surface rust is acceptable. Alert only for structural defects, dents, cracks, or leaks.",Dented NA,Rule B,Critical structural defect is visible.,1,UNSAFE,Dataset/Pipes/Defected/pipe_corroded (19).jpg,Data_Preprocessed/pipe_corroded (19).jpg,Low Resolution,Reasoning: 0.6 bar is not below 0.5 bar. 0.6 bar is above 0.5 bar.,3
123,pipe_corroded (2).jpg,pipeline,Texture Overlap,Corroded/ Leak,,Alert on any sign of surface oxidation or corrosion.,Corroded/ Leak NA,Rule A,Image shows corrosion or damage.,1,UNSAFE,Dataset/Pipes/Defected/pipe_corroded (2).jpg,Data_Preprocessed/pipe_corroded (2).jpg,Texture Overlap,Reasoning: 0.6 bar is above 0.5 bar.,3
124,pipe_corroded (2).jpg,pipeline,Texture Overlap,Corroded/ Leak,,"Surface rust is acceptable. Alert only for structural defects, dents, cracks, or leaks.",Corroded/ Leak NA,Rule B,Critical structural defect is visible.,1,UNSAFE,Dataset/Pipes/Defected/pipe_corroded (2).jpg,Data_Preprocessed/pipe_corroded (2).jpg,Texture Overlap,Reasoning: 0.6 bar is not below 0.5 bar. 0.6 bar is above 0.5 bar.,3
125,pipe_corroded (20).jpg,pipeline,Texture Overlap,Corroded/ Dented,,Alert on any sign of surface oxidation or corrosion.,Corroded/ Dented NA,Rule A,Image shows corrosion or damage.,1,UNSAFE,Dataset/Pipes/Defected/pipe_corroded (20).jpg,Data_Preprocessed/pipe_corroded (20).jpg,Texture Overlap,Reasoning: 0.6 bar is greater than 0.5. 0.6 is greater than 0.5.,3
126,pipe_corroded (20).jpg,pipeline,Texture Overlap,Corroded/ Dented,,"Surface rust is acceptable. Alert only for structural defects, dents, cracks, or leaks.",Corroded/ Dented NA,Rule B,Critical structural defect is visible.,1,UNSAFE,Dataset/Pipes/Defected/pipe_corroded (20).jpg,Data_Preprocessed/pipe_corroded (20).jpg,Texture Overlap,Reasoning: 0.6 bar is not below 0.5 bar. 0.6 bar is above 0.5 bar.,3
127,pipe_corroded (21).jpg,pipeline,Low Resolution,Dented,,Alert on any sign of surface oxidation or corrosion.,Dented NA,Rule A,Image shows corrosion or damage.,1,UNSAFE,Dataset/Pipes/Defected/pipe_corroded (21).jpg,Data_Preprocessed/pipe_corroded (21).jpg,Low Resolution,Reasoning: 0.6 bar is not above 0.5 bar.,3
128,pipe_corroded (21).jpg,pipeline,Low Resolution,Dented,,"Surface rust is acceptable. Alert only for structural defects, dents, cracks, or leaks.",Dented NA,Rule B,Critical structural defect is visible.,1,UNSAFE,Dataset/Pipes/Defected/pipe_corroded (21).jpg,Data_Preprocessed/pipe_corroded (21).jpg,Low Resolution,Reasoning: 0.6 bar is not above 0.5 bar. 0.6 bar is within the safe range.,3
129,pipe_corroded (22).jpg,pipeline,Low Resolution,Corroded/ Dented,,Alert on any sign of surface oxidation or corrosion.,Corroded/ Dented NA,Rule A,Image shows corrosion or damage.,1,UNSAFE,Dataset/Pipes/Defected/pipe_corroded (22).jpg,Data_Preprocessed/pipe_corroded (22).jpg,Low Resolution,Reasoning: 0.6 is greater than 0.5. 0.6 is not below 0.5.,3
130,pipe_corroded (22).jpg,pipeline,Low Resolution,Corroded/ Dented,,"Surface rust is acceptable. Alert only for structural defects, dents, cracks, or leaks.",Corroded/ Dented NA,Rule B,Critical structural defect is visible.,1,UNSAFE,Dataset/Pipes/Defected/pipe_corroded (22).jpg,Data_Preprocessed/pipe_corroded (22).jpg,Low Resolution,Reasoning: 0.6 is not above 0.5. 0.6 is below 0.5. 0.6 is safe.,3
131,pipe_corroded (23).jpg,pipeline,Low Resolution,Corroded/ Dented,,Alert on any sign of surface oxidation or corrosion.,Corroded/ Dented NA,Rule A,Image shows corrosion or damage.,1,UNSAFE,Dataset/Pipes/Defected/pipe_corroded (23).jpg,Data_Preprocessed/pipe_corroded (23).jpg,Low Resolution,Reasoning: 0.6 bar is greater than 0.5 bar. 0.6 is safe. 0.5 bar is unsafe. 0.5 bar is not safe. 0.6 bar is safe.,3
132,pipe_corroded (23).jpg,pipeline,Low Resolution,Corroded/ Dented,,"Surface rust is acceptable. Alert only for structural defects, dents, cracks, or leaks.",Corroded/ Dented NA,Rule B,Critical structural defect is visible.,1,UNSAFE,Dataset/Pipes/Defected/pipe_corroded (23).jpg,Data_Preprocessed/pipe_corroded (23).jpg,Low Resolution,Reasoning: 0.6 bar is not higher than 0.5 bar. 0.6 bar is not more than 0.5 bar.,3
133,pipe_corroded (24).jpg,pipeline,,Leak / Damaged,,Alert on any sign of surface oxidation or corrosion.,Leak / Damaged NA,Rule A,Image shows corrosion or damage.,0,UNSAFE,Dataset/Pipes/Defected/pipe_corroded (24).jpg,Data_Preprocessed/pipe_corroded (24).jpg,,Reasoning: 0.6 bar is greater than 0.5 bar. 0.6 is not less than 0.5. 0.6 is safe. 0.5 bar is unsafe. 0.5 bar is not less than 0.5. 0.5 bar is unsafe. 0.5 bar is not less than 0.5.,3
134,pipe_corroded (24).jpg,pipeline,,Leak / Damaged,,"Surface rust is acceptable. Alert only for structural defects, dents, cracks, or leaks.",Leak / Damaged NA,Rule B,Critical structural defect is visible.,0,UNSAFE,Dataset/Pipes/Defected/pipe_corroded (24).jpg,Data_Preprocessed/pipe_corroded (24).jpg,,Reasoning: 0.6 bar is not above 0.5 bar.,3
135,pipe_corroded (25).jpg,pipeline,Unclear image,Corroded/ Dented,,Alert on any sign of surface oxidation or corrosion.,Corroded/ Dented NA,Rule A,Image shows corrosion or damage.,1,UNSAFE,Dataset/Pipes/Defected/pipe_corroded (25).jpg,Data_Preprocessed/pipe_corroded (25).jpg,Unclear image,"Reasoning: 0.6 bar is not within the range of 0.5 bar, which is the safe limit for oxygen exposure. Therefore, it violates the safety constraint.",3
136,pipe_corroded (25).jpg,pipeline,Unclear image,Corroded/ Dented,,"Surface rust is acceptable. Alert only for structural defects, dents, cracks, or leaks.",Corroded/ Dented NA,Rule B,Critical structural defect is visible.,1,UNSAFE,Dataset/Pipes/Defected/pipe_corroded (25).jpg,Data_Preprocessed/pipe_corroded (25).jpg,Unclear image,Reasoning: 0.6 bar is not above 0.5 bar.,3
137,pipe_corroded (3).jpg,pipeline,Low Resolution,Corroded/ Rust,,Alert on any sign of surface oxidation or corrosion.,Corroded/ Rust NA,Rule A,Image shows corrosion or damage.,1,UNSAFE,Dataset/Pipes/Defected/pipe_corroded (3).jpg,Data_Preprocessed/pipe_corroded (3).jpg,Low Resolution,Reasoning: 0.6 bar is not within the specified range.,3
138,pipe_corroded (3).jpg,pipeline,Low Resolution,Corroded/ Rust,,"Surface rust is acceptable. Alert only for structural defects, dents, cracks, or leaks.",Corroded/ Rust NA,Rule B,Critical structural defect is visible.,1,UNSAFE,Dataset/Pipes/Defected/pipe_corroded (3).jpg,Data_Preprocessed/pipe_corroded (3).jpg,Low Resolution,Reasoning: 0.6 bar is not above 0.5 bar. 0.6 is less than 0.5. 0.6 is not below 0.5.,3
139,pipe_corroded (4).jpg,pipeline,Low Resolution,Corroded/ Leak,,Alert on any sign of surface oxidation or corrosion.,Corroded/ Leak NA,Rule A,Image shows corrosion or damage.,1,UNSAFE,Dataset/Pipes/Defected/pipe_corroded (4).jpg,Data_Preprocessed/pipe_corroded (4).jpg,Low Resolution,Reasoning: 0.6 bar is greater than 0.5 bar. 0.6 is not less than 0.5. 0.6 is safe.,3
140,pipe_corroded (4).jpg,pipeline,Low Resolution,Corroded/ Leak,,"Surface rust is acceptable. Alert only for structural defects, dents, cracks, or leaks.",Corroded/ Leak NA,Rule B,Critical structural defect is visible.,1,UNSAFE,Dataset/Pipes/Defected/pipe_corroded (4).jpg,Data_Preprocessed/pipe_corroded (4).jpg,Low Resolution,Reasoning: 0.6 bar is above 0.5 bar. 0.6 bar is not below 0.5 bar. 0.6 bar is greater than 0.5 bar.,3
141,pipe_corroded (5).jpg,pipeline,Texture Overlap,Corroded/ Rust,,Alert on any sign of surface oxidation or corrosion.,Corroded/ Rust NA,Rule A,Image shows corrosion or damage.,1,UNSAFE,Dataset/Pipes/Defected/pipe_corroded (5).jpg,Data_Preprocessed/pipe_corroded (5).jpg,Texture Overlap,Reasoning: 0.6 bar is above 0.5 bar. 0.6 is greater than 0.5. 0.6 is not below 0.5. 0.6 is greater than 0.5.,3
142,pipe_corroded (5).jpg,pipeline,Texture Overlap,Corroded/ Rust,,"Surface rust is acceptable. Alert only for structural defects, dents, cracks, or leaks.",Corroded/ Rust NA,Rule B,Critical structural defect is visible.,1,UNSAFE,Dataset/Pipes/Defected/pipe_corroded (5).jpg,Data_Preprocessed/pipe_corroded (5).jpg,Texture Overlap,Reasoning: 0.6 bar is not above 0.5 bar. 0.6 is not below 0.5 bar.,3
143,pipe_corroded (6).jpg,pipeline,Low Resolution,Corroded/ Rust,,Alert on any sign of surface oxidation or corrosion.,Corroded/ Rust NA,Rule A,Image shows corrosion or damage.,1,UNSAFE,Dataset/Pipes/Defected/pipe_corroded (6).jpg,Data_Preprocessed/pipe_corroded (6).jpg,Low Resolution,"Reasoning: 0.6 bar is greater than 0.5 bar, so it violates the constraint.",3
144,pipe_corroded (6).jpg,pipeline,Low Resolution,Corroded/ Rust,,"Surface rust is acceptable. Alert only for structural defects, dents, cracks, or leaks.",Corroded/ Rust NA,Rule B,Critical structural defect is visible.,1,UNSAFE,Dataset/Pipes/Defected/pipe_corroded (6).jpg,Data_Preprocessed/pipe_corroded (6).jpg,Low Resolution,Reasoning: 0.6 bar is not above 0.5 bar. 0.6 bar is within the acceptable range. 0.5 bar is below 0.5 bar. 0.5 bar is outside the acceptable range. 0.5 bar is unsafe.,3
145,pipe_corroded (7).jpg,pipeline,Texture Overlap,Corroded,,Alert on any sign of surface oxidation or corrosion.,Corroded NA,Rule A,Image shows corrosion or damage.,1,UNSAFE,Dataset/Pipes/Defected/pipe_corroded (7).jpg,Data_Preprocessed/pipe_corroded (7).jpg,Texture Overlap,"Reasoning: 0.6 bar is greater than 0.5 bar. Therefore, the image does not violate the safety constraint.",3
146,pipe_corroded (7).jpg,pipeline,Texture Overlap,Corroded,,"Surface rust is acceptable. Alert only for structural defects, dents, cracks, or leaks.",Corroded NA,Rule B,Critical structural defect is visible.,1,UNSAFE,Dataset/Pipes/Defected/pipe_corroded (7).jpg,Data_Preprocessed/pipe_corroded (7).jpg,Texture Overlap,Reasoning: 0.6 bar is not below 0.5 bar. 0.6 bar is above 0.5 bar.,3
147,pipe_corroded (8).jpg,pipeline,Texture Overlap,Corroded/ Rust,,Alert on any sign of surface oxidation or corrosion.,Corroded/ Rust NA,Rule A,Image shows corrosion or damage.,1,UNSAFE,Dataset/Pipes/Defected/pipe_corroded (8).jpg,Data_Preprocessed/pipe_corroded (8).jpg,Texture Overlap,"Reasoning: 0.6 bar is greater than 0.5 bar, so it's safe.",3
148,pipe_corroded (8).jpg,pipeline,Texture Overlap,Corroded/ Rust,,"Surface rust is acceptable. Alert only for structural defects, dents, cracks, or leaks.",Corroded/ Rust NA,Rule B,Critical structural defect is visible.,1,UNSAFE,Dataset/Pipes/Defected/pipe_corroded (8).jpg,Data_Preprocessed/pipe_corroded (8).jpg,Texture Overlap,Reasoning: 0.6 bar is above 0.5 bar. 0.6 is not below 0.5.,3
149,pipe_corroded (9).jpg,pipeline,,Rust,,Alert on any sign of surface oxidation or corrosion.,Rust NA,Rule A,Surface oxidation/rust is present.,0,UNSAFE,Dataset/Pipes/Defected/pipe_corroded (9).jpg,Data_Preprocessed/pipe_corroded (9).jpg,,Reasoning: 0.6 bar is greater than 0.5 bar. 0.6 is above 0.5. 0.6 is not below 0.5. 0.6 is not below 0.5.,3
150,pipe_corroded (9).jpg,pipeline,,Rust,,"Surface rust is acceptable. Alert only for structural defects, dents, cracks, or leaks.",Rust NA,Rule B,Image shows surface rust but no critical defects.,0,SAFE,Dataset/Pipes/Defected/pipe_corroded (9).jpg,Data_Preprocessed/pipe_corroded (9).jpg,,Reasoning: 0.6 bar is not above 0.5 bar. 0.6 bar is below 0.5 bar.,3
151,pipe_non_corroded (1).jpg,pipeline,,Non corroded/ No rust,,Alert on any sign of surface oxidation or corrosion.,Non corroded/ No rust NA,Rule A,Surface is clean and nominal.,0,SAFE,Dataset/Pipes/Non defected/pipe_non_corroded (1).jpg,Data_Preprocessed/pipe_non_corroded (1).jpg,,Reasoning: 0.6 is above 0.5. 0.6 is not below 0.5. 0.6 is greater than 0.5. 0.6 is greater than 0.5. 0.6 is greater than 0.5. 0.6 is greater than 0.5. 0.6 is greater than 0.5. 0.6 is greater than 0.5. 0.6 is greater than 0.5. 0.6 is greater than 0.5. 0.6 is greater than 0.,3
152,pipe_non_corroded (1).jpg,pipeline,,Non corroded/ No rust,,"Surface rust is acceptable. Alert only for structural defects, dents, cracks, or leaks.",Non corroded/ No rust NA,Rule B,Surface is clean and nominal.,0,SAFE,Dataset/Pipes/Non defected/pipe_non_corroded (1).jpg,Data_Preprocessed/pipe_non_corroded (1).jpg,,Reasoning: 0.6 bar is not below 0.5 bar. 0.6 bar is above 0.5 bar.,3
153,pipe_non_corroded (10).jpg,pipeline,,Non corroded/ No rust,,Alert on any sign of surface oxidation or corrosion.,Non corroded/ No rust NA,Rule A,Surface is clean and nominal.,0,SAFE,Dataset/Pipes/Non defected/pipe_non_corroded (10).jpg,Data_Preprocessed/pipe_non_corroded (10).jpg,,"Reasoning: 0.6 bar is greater than 0.5 bar.
Final Verdict: SAFE.",3
154,pipe_non_corroded (10).jpg,pipeline,,Non corroded/ No rust,,"Surface rust is acceptable. Alert only for structural defects, dents, cracks, or leaks.",Non corroded/ No rust NA,Rule B,Surface is clean and nominal.,0,SAFE,Dataset/Pipes/Non defected/pipe_non_corroded (10).jpg,Data_Preprocessed/pipe_non_corroded (10).jpg,,Reasoning: 0.6 bar is not below 0.5 bar. It's safe.,3
155,pipe_non_corroded (11).jpg,pipeline,,Non corroded/ No rust,,Alert on any sign of surface oxidation or corrosion.,Non corroded/ No rust NA,Rule A,Surface is clean and nominal.,0,SAFE,Dataset/Pipes/Non defected/pipe_non_corroded (11).jpg,Data_Preprocessed/pipe_non_corroded (11).jpg,,"Reasoning: 0.6 is greater than 0.5, so it's safe.",3
156,pipe_non_corroded (11).jpg,pipeline,,Non corroded/ No rust,,"Surface rust is acceptable. Alert only for structural defects, dents, cracks, or leaks.",Non corroded/ No rust NA,Rule B,Surface is clean and nominal.,0,SAFE,Dataset/Pipes/Non defected/pipe_non_corroded (11).jpg,Data_Preprocessed/pipe_non_corroded (11).jpg,,Reasoning: 0.6 bar is not above 0.5 bar. 0.6 is not more than 0.5.,3
157,pipe_non_corroded (12).jpg,pipeline,,Non corroded/ Rust,,Alert on any sign of surface oxidation or corrosion.,Non corroded/ Rust NA,Rule A,Surface oxidation/rust is present.,0,UNSAFE,Dataset/Pipes/Non defected/pipe_non_corroded (12).jpg,Data_Preprocessed/pipe_non_corroded (12).jpg,,Reasoning: 0.6 bar is greater than 0.5 bar. 0.6 is greater than 0.5. 0.6 is not below 0.5. 0.6 is not above 0.5. 0.6 is not below 0.5. 0.6 is not above 0.5. 0.6 is not below 0.5. 0.6 is not above 0.5. 0.6 is not below 0.5. 0.6 is not above 0.5. 0.6 is not below,3
158,pipe_non_corroded (12).jpg,pipeline,,Non corroded/ Rust,,"Surface rust is acceptable. Alert only for structural defects, dents, cracks, or leaks.",Non corroded/ Rust NA,Rule B,Image shows surface rust but no critical defects.,0,SAFE,Dataset/Pipes/Non defected/pipe_non_corroded (12).jpg,Data_Preprocessed/pipe_non_corroded (12).jpg,,"Reasoning: 1. Surface rust is not considered unacceptable in structural integrity.
2. Structural defects, dents, cracks, or leaks are not specified as unsafe.
3. Therefore, the surface rust is considered safe according to the given safety constraint.

Final Verdict: SAFE.",3
159,pipe_non_corroded (13).jpg,pipeline,Glare,Non corroded/ No rust,,Alert on any sign of surface oxidation or corrosion.,Non corroded/ No rust NA,Rule A,Surface is clean and nominal.,1,SAFE,Dataset/Pipes/Non defected/pipe_non_corroded (13).jpg,Data_Preprocessed/pipe_non_corroded (13).jpg,Glare,Reasoning: 0.6 bar is greater than 0.5. 0.6 is not below 0.5. 0.6 is above 0.5. 0.6 is not below 0.5. 0.6 is not below 0.5. 0.6 is not below 0.5. 0.6 is not below 0.5. 0.6 is not below 0.5. 0.6 is not below 0.5. 0.6 is not below 0.5. 0.6 is not below 0,3
160,pipe_non_corroded (13).jpg,pipeline,Glare,Non corroded/ No rust,,"Surface rust is acceptable. Alert only for structural defects, dents, cracks, or leaks.",Non corroded/ No rust NA,Rule B,Surface is clean and nominal.,1,SAFE,Dataset/Pipes/Non defected/pipe_non_corroded (13).jpg,Data_Preprocessed/pipe_non_corroded (13).jpg,Glare,Reasoning: 0.6 bar is not above 0.5 bar. 0.6 bar is less than 0.5 bar.,3
161,pipe_non_corroded (14).jpg,pipeline,,Non corroded/ No rust,,Alert on any sign of surface oxidation or corrosion.,Non corroded/ No rust NA,Rule A,Surface is clean and nominal.,0,SAFE,Dataset/Pipes/Non defected/pipe_non_corroded (14).jpg,Data_Preprocessed/pipe_non_corroded (14).jpg,,Reasoning: 0.6 bar is greater than 0.5. 0.6 is greater than 0.5. 0.6 is not below 0.5. 0.6 is above 0.5. 0.6 is not below 0.5. 0.6 is above 0.5. 0.6 is not below 0.5. 0.6 is above 0.5. 0.6 is not below 0.5. 0.6 is above 0.5. 0.6 is not below 0.5.,3
162,pipe_non_corroded (14).jpg,pipeline,,Non corroded/ No rust,,"Surface rust is acceptable. Alert only for structural defects, dents, cracks, or leaks.",Non corroded/ No rust NA,Rule B,Surface is clean and nominal.,0,SAFE,Dataset/Pipes/Non defected/pipe_non_corroded (14).jpg,Data_Preprocessed/pipe_non_corroded (14).jpg,,Reasoning: 0.6 bar is not below 0.5 bar. 0.6 bar is above 0.5 bar.,3
163,pipe_non_corroded (15).jpg,pipeline,,Non corroded/ No rust,,Alert on any sign of surface oxidation or corrosion.,Non corroded/ No rust NA,Rule A,Surface is clean and nominal.,0,SAFE,Dataset/Pipes/Non defected/pipe_non_corroded (15).jpg,Data_Preprocessed/pipe_non_corroded (15).jpg,,"Reasoning: 1. Observe the metal surface for signs of oxidation or corrosion.
2. If there's visible oxidation, mark as UNSAFE.
3. If no oxidation present, mark as SAFE.",3
164,pipe_non_corroded (15).jpg,pipeline,,Non corroded/ No rust,,"Surface rust is acceptable. Alert only for structural defects, dents, cracks, or leaks.",Non corroded/ No rust NA,Rule B,Surface is clean and nominal.,0,SAFE,Dataset/Pipes/Non defected/pipe_non_corroded (15).jpg,Data_Preprocessed/pipe_non_corroded (15).jpg,,Reasoning: 0.6 bar is not above 0.5 bar. 0.6 bar is not higher than 0.5 bar.,3
165,pipe_non_corroded (16).jpg,pipeline,Low Resolution,Non corroded/ No rust,,Alert on any sign of surface oxidation or corrosion.,Non corroded/ No rust NA,Rule A,Surface is clean and nominal.,1,SAFE,Dataset/Pipes/Non defected/pipe_non_corroded (16).jpg,Data_Preprocessed/pipe_non_corroded (16).jpg,Low Resolution,Reasoning: 0.6 bar is greater than 0.5 bar. 0.6 is not less than 0.5. 0.6 is safe.,3
166,pipe_non_corroded (16).jpg,pipeline,Low Resolution,Non corroded/ No rust,,"Surface rust is acceptable. Alert only for structural defects, dents, cracks, or leaks.",Non corroded/ No rust NA,Rule B,Surface is clean and nominal.,1,SAFE,Dataset/Pipes/Non defected/pipe_non_corroded (16).jpg,Data_Preprocessed/pipe_non_corroded (16).jpg,Low Resolution,Reasoning: 0.6 bar is greater than 0.5 bar. 0.6 is not below 0.5.,3
167,pipe_non_corroded (17).jpg,pipeline,Low Resolution,Non corroded/ No rust,,Alert on any sign of surface oxidation or corrosion.,Non corroded/ No rust NA,Rule A,Surface is clean and nominal.,1,SAFE,Dataset/Pipes/Non defected/pipe_non_corroded (17).jpg,Data_Preprocessed/pipe_non_corroded (17).jpg,Low Resolution,"Reasoning: 0.6 bar is greater than 0.5 bar.
Conclusion: SAFE.",3
168,pipe_non_corroded (17).jpg,pipeline,Low Resolution,Non corroded/ No rust,,"Surface rust is acceptable. Alert only for structural defects, dents, cracks, or leaks.",Non corroded/ No rust NA,Rule B,Surface is clean and nominal.,1,SAFE,Dataset/Pipes/Non defected/pipe_non_corroded (17).jpg,Data_Preprocessed/pipe_non_corroded (17).jpg,Low Resolution,Reasoning: 0.6 bar is not above 0.5 bar. 0.6 bar is less than 0.5 bar.,3
169,pipe_non_corroded (18).jpg,pipeline,Low Resolution,Non corroded/ Rust,,Alert on any sign of surface oxidation or corrosion.,Non corroded/ Rust NA,Rule A,Surface oxidation/rust is present.,1,UNSAFE,Dataset/Pipes/Non defected/pipe_non_corroded (18).jpg,Data_Preprocessed/pipe_non_corroded (18).jpg,Low Resolution,Reasoning: 0.6 is not above 0.5.,3
170,pipe_non_corroded (18).jpg,pipeline,Low Resolution,Non corroded/ Rust,,"Surface rust is acceptable. Alert only for structural defects, dents, cracks, or leaks.",Non corroded/ Rust NA,Rule B,Image shows surface rust but no critical defects.,1,SAFE,Dataset/Pipes/Non defected/pipe_non_corroded (18).jpg,Data_Preprocessed/pipe_non_corroded (18).jpg,Low Resolution,"Reasoning: 1. Inspect surface rust.
2. Check for structural defects, dents, cracks, or leaks.
3. If surface rust is present and not due to structural defects, dents, cracks, or leaks, then it is UNSAFE.

Final Verdict: UNSAFE.",3
171,pipe_non_corroded (19).jpg,pipeline,,Non corroded/ No rust,,Alert on any sign of surface oxidation or corrosion.,Non corroded/ No rust NA,Rule A,Surface is clean and nominal.,0,SAFE,Dataset/Pipes/Non defected/pipe_non_corroded (19).jpg,Data_Preprocessed/pipe_non_corroded (19).jpg,,"Reasoning: 0.6 bar is greater than 0.5 bar, so it's safe.",3
172,pipe_non_corroded (19).jpg,pipeline,,Non corroded/ No rust,,"Surface rust is acceptable. Alert only for structural defects, dents, cracks, or leaks.",Non corroded/ No rust NA,Rule B,Surface is clean and nominal.,0,SAFE,Dataset/Pipes/Non defected/pipe_non_corroded (19).jpg,Data_Preprocessed/pipe_non_corroded (19).jpg,,Reasoning: 0.6 bar is not above 0.5 bar. 0.6 bar is less than 0.5 bar.,3
173,pipe_non_corroded (2).jpg,pipeline,,Non corroded/ No rust,,Alert on any sign of surface oxidation or corrosion.,Non corroded/ No rust NA,Rule A,Surface is clean and nominal.,0,SAFE,Dataset/Pipes/Non defected/pipe_non_corroded (2).jpg,Data_Preprocessed/pipe_non_corroded (2).jpg,,Reasoning: 0.6 bar is greater than 0.5 bar. 0.6 is not less than 0.5. 0.5 bar is less than 0.6. 0.6 is greater than 0.5. 0.5 bar is not less than 0.6. 0.6 is greater than 0.5. 0.5 bar is not less than 0.6. 0.6 is less than 0.5. 0.6 is not less than 0.5. 0.5 bar is not less than 0.,3
174,pipe_non_corroded (2).jpg,pipeline,,Non corroded/ No rust,,"Surface rust is acceptable. Alert only for structural defects, dents, cracks, or leaks.",Non corroded/ No rust NA,Rule B,Surface is clean and nominal.,0,SAFE,Dataset/Pipes/Non defected/pipe_non_corroded (2).jpg,Data_Preprocessed/pipe_non_corroded (2).jpg,,"Reasoning: 1. Inspect surface rust.
2. Check for structural defects, dents, cracks, or leaks.
3. If surface rust is present, alert only for structural defects, dents, cracks, or leaks.
4. If surface rust is not present, do not alert.

Final Verdict: SAFE.",3
175,pipe_non_corroded (20).jpg,pipeline,,Non corroded/ No rust,,Alert on any sign of surface oxidation or corrosion.,Non corroded/ No rust NA,Rule A,Surface is clean and nominal.,0,SAFE,Dataset/Pipes/Non defected/pipe_non_corroded (20).jpg,Data_Preprocessed/pipe_non_corroded (20).jpg,,Reasoning: 0.6 bar is greater than 0.5. 0.6 is not below 0.5.,3
176,pipe_non_corroded (20).jpg,pipeline,,Non corroded/ No rust,,"Surface rust is acceptable. Alert only for structural defects, dents, cracks, or leaks.",Non corroded/ No rust NA,Rule B,Surface is clean and nominal.,0,SAFE,Dataset/Pipes/Non defected/pipe_non_corroded (20).jpg,Data_Preprocessed/pipe_non_corroded (20).jpg,,"Reasoning: 1. Inspect surface rust.
2. Check for structural defects, dents, cracks, or leaks.
3. If surface rust is present, alert.
4. If not present, do not alert.

Final Verdict: SAFE.",3
177,pipe_non_corroded (21).jpg,pipeline,,Non corroded/ No rust,,Alert on any sign of surface oxidation or corrosion.,Non corroded/ No rust NA,Rule A,Surface is clean and nominal.,0,SAFE,Dataset/Pipes/Non defected/pipe_non_corroded (21).jpg,Data_Preprocessed/pipe_non_corroded (21).jpg,,Reasoning: 0.6 bar is greater than 0.5 bar. 0.6 is above 0.5. 0.6 is not below 0.5. 0.6 is not below 0.5.,3
178,pipe_non_corroded (21).jpg,pipeline,,Non corroded/ No rust,,"Surface rust is acceptable. Alert only for structural defects, dents, cracks, or leaks.",Non corroded/ No rust NA,Rule B,Surface is clean and nominal.,0,SAFE,Dataset/Pipes/Non defected/pipe_non_corroded (21).jpg,Data_Preprocessed/pipe_non_corroded (21).jpg,,Reasoning: 0.6 bar is greater than 0.5 bar. 0.6 is not less than 0.5. 0.6 is safe.,3
179,pipe_non_corroded (22).jpg,pipeline,,Non corroded/ Rust,,Alert on any sign of surface oxidation or corrosion.,Non corroded/ Rust NA,Rule A,Surface oxidation/rust is present.,0,UNSAFE,Dataset/Pipes/Non defected/pipe_non_corroded (22).jpg,Data_Preprocessed/pipe_non_corroded (22).jpg,,Reasoning: 0.6 is greater than 0.5. 0.6 is not below 0.5. 0.6 is above 0.5. 0.6 is outside of the range of 0.5 bar. 0.6 is outside of the safe limit. 0.6 is unsafe. 0.6 is UNSAFE.,3
180,pipe_non_corroded (22).jpg,pipeline,,Non corroded/ Rust,,"Surface rust is acceptable. Alert only for structural defects, dents, cracks, or leaks.",Non corroded/ Rust NA,Rule B,Image shows surface rust but no critical defects.,0,SAFE,Dataset/Pipes/Non defected/pipe_non_corroded (22).jpg,Data_Preprocessed/pipe_non_corroded (22).jpg,,Reasoning: 0.6 bar is not above 0.5 bar. 0.6 is not above 0.5 bar.,3
181,pipe_non_corroded (23).jpg,pipeline,Low Resolution,Non corroded/ Rust,,Alert on any sign of surface oxidation or corrosion.,Non corroded/ Rust NA,Rule A,Surface oxidation/rust is present.,1,UNSAFE,Dataset/Pipes/Non defected/pipe_non_corroded (23).jpg,Data_Preprocessed/pipe_non_corroded (23).jpg,Low Resolution,"Reasoning: 1. Observe the condition of the metal surface.
2. Check for signs of oxidation or corrosion.
3. Evaluate the condition based on the findings.

Answer: UNSAFE.",3
182,pipe_non_corroded (23).jpg,pipeline,Low Resolution,Non corroded/ Rust,,"Surface rust is acceptable. Alert only for structural defects, dents, cracks, or leaks.",Non corroded/ Rust NA,Rule B,Image shows surface rust but no critical defects.,1,SAFE,Dataset/Pipes/Non defected/pipe_non_corroded (23).jpg,Data_Preprocessed/pipe_non_corroded (23).jpg,Low Resolution,Reasoning: 0.6 bar is greater than 0.5 bar. 0.6 is not less than 0.5.,3
183,pipe_non_corroded (24).jpg,pipeline,,Non corroded/ Rust,,Alert on any sign of surface oxidation or corrosion.,Non corroded/ Rust NA,Rule A,Surface oxidation/rust is present.,0,UNSAFE,Dataset/Pipes/Non defected/pipe_non_corroded (24).jpg,Data_Preprocessed/pipe_non_corroded (24).jpg,,Reasoning: 0.6 bar is above 0.5 bar. 0.6 is not below 0.5. 0.6 is more than 0.5. 0.6 is less than 0.5. 0.6 is greater than 0.5. 0.6 is less than 0.5. 0.6 is less than 0.5. 0.6 is less than 0.5. 0.6 is less than 0.5. 0.6 is less than 0.5. 0.6 is less than,3
184,pipe_non_corroded (24).jpg,pipeline,,Non corroded/ Rust,,"Surface rust is acceptable. Alert only for structural defects, dents, cracks, or leaks.",Non corroded/ Rust NA,Rule B,Image shows surface rust but no critical defects.,0,SAFE,Dataset/Pipes/Non defected/pipe_non_corroded (24).jpg,Data_Preprocessed/pipe_non_corroded (24).jpg,,"Reasoning: 1. Inspect surface rust.
2. Check for structural defects, dents, cracks, or leaks.
3. If surface rust is present, alert.
4. If not present, do not alert.

Answer: SAFE.",3
185,pipe_non_corroded (25).jpg,pipeline,Low Resolution,Non corroded/ No rust,,Alert on any sign of surface oxidation or corrosion.,Non corroded/ No rust NA,Rule A,Surface is clean and nominal.,1,SAFE,Dataset/Pipes/Non defected/pipe_non_corroded (25).jpg,Data_Preprocessed/pipe_non_corroded (25).jpg,Low Resolution,Reasoning: 0.6 bar is not within the range of acceptable pressures for this application.,3
186,pipe_non_corroded (25).jpg,pipeline,Low Resolution,Non corroded/ No rust,,"Surface rust is acceptable. Alert only for structural defects, dents, cracks, or leaks.",Non corroded/ No rust NA,Rule B,Surface is clean and nominal.,1,SAFE,Dataset/Pipes/Non defected/pipe_non_corroded (25).jpg,Data_Preprocessed/pipe_non_corroded (25).jpg,Low Resolution,"Reasoning: 1. Inspect surface rust.
2. Check for structural defects, dents, cracks, or leaks.
3. If no issues found, conclude safe.

Final Verdict: SAFE.",3
187,pipe_non_corroded (3).jpg,pipeline,,Non corroded/ No rust,,Alert on any sign of surface oxidation or corrosion.,Non corroded/ No rust NA,Rule A,Surface is clean and nominal.,0,SAFE,Dataset/Pipes/Non defected/pipe_non_corroded (3).jpg,Data_Preprocessed/pipe_non_corroded (3).jpg,,"Reasoning: 0.6 is not above 0.5, so it's UNSAFE.",3
188,pipe_non_corroded (3).jpg,pipeline,,Non corroded/ No rust,,"Surface rust is acceptable. Alert only for structural defects, dents, cracks, or leaks.",Non corroded/ No rust NA,Rule B,Surface is clean and nominal.,0,SAFE,Dataset/Pipes/Non defected/pipe_non_corroded (3).jpg,Data_Preprocessed/pipe_non_corroded (3).jpg,,Reasoning: 0.6 bar is not above 0.5 bar. 0.6 is less than 0.5. 0.6 is safe.,3
189,pipe_non_corroded (4).jpg,pipeline,,Non corroded/ No rust,,Alert on any sign of surface oxidation or corrosion.,Non corroded/ No rust NA,Rule A,Surface is clean and nominal.,0,SAFE,Dataset/Pipes/Non defected/pipe_non_corroded (4).jpg,Data_Preprocessed/pipe_non_corroded (4).jpg,,Reasoning: 0.6 bar is above 0.5 bar.,3
190,pipe_non_corroded (4).jpg,pipeline,,Non corroded/ No rust,,"Surface rust is acceptable. Alert only for structural defects, dents, cracks, or leaks.",Non corroded/ No rust NA,Rule B,Surface is clean and nominal.,0,SAFE,Dataset/Pipes/Non defected/pipe_non_corroded (4).jpg,Data_Preprocessed/pipe_non_corroded (4).jpg,,Reasoning: 0.6 bar is greater than 0.5. 0.6 is not less than 0.5.,3
191,pipe_non_corroded (5).jpg,pipeline,Distorted,Non corroded/ Rust,,Alert on any sign of surface oxidation or corrosion.,Non corroded/ Rust NA,Rule A,Surface oxidation/rust is present.,1,UNSAFE,Dataset/Pipes/Non defected/pipe_non_corroded (5).jpg,Data_Preprocessed/pipe_non_corroded (5).jpg,Distorted,Reasoning: 0.6 bar is above 0.5 bar. 0.6 is greater than 0.5. 0.6 is not below 0.5. 0.6 is not below 0.5. 0.6 is not below 0.5. 0.6 is not below 0.5. 0.6 is not below 0.5. 0.6 is not below 0.5. 0.6 is not below 0.5. 0.6 is not below 0.5. 0.6 is not below,3
192,pipe_non_corroded (5).jpg,pipeline,Distorted,Non corroded/ Rust,,"Surface rust is acceptable. Alert only for structural defects, dents, cracks, or leaks.",Non corroded/ Rust NA,Rule B,Image shows surface rust but no critical defects.,1,SAFE,Dataset/Pipes/Non defected/pipe_non_corroded (5).jpg,Data_Preprocessed/pipe_non_corroded (5).jpg,Distorted,Reasoning: 0.6 bar is not below 0.5 bar.,3
193,pipe_non_corroded (6).jpg,pipeline,,Non corroded/ No rust,,Alert on any sign of surface oxidation or corrosion.,Non corroded/ No rust NA,Rule A,Surface is clean and nominal.,0,SAFE,Dataset/Pipes/Non defected/pipe_non_corroded (6).jpg,Data_Preprocessed/pipe_non_corroded (6).jpg,,Reasoning: 0.6 is greater than 0.5. 0.6 is not below 0.5. 0.6 is above 0.5. 0.6 is not below 0.5. 0.6 is not below 0.5. 0.6 is not below 0.5. 0.6 is not below 0.5. 0.6 is not below 0.5. 0.6 is not below 0.5. 0.6 is not below 0.5. 0.6 is not below 0.,3
194,pipe_non_corroded (6).jpg,pipeline,,Non corroded/ No rust,,"Surface rust is acceptable. Alert only for structural defects, dents, cracks, or leaks.",Non corroded/ No rust NA,Rule B,Surface is clean and nominal.,0,SAFE,Dataset/Pipes/Non defected/pipe_non_corroded (6).jpg,Data_Preprocessed/pipe_non_corroded (6).jpg,,Reasoning: 0.6 bar is not below 0.5 bar. 0.6 is above 0.5 bar.,3
195,pipe_non_corroded (7).jpg,pipeline,,Non corroded/ No rust,,Alert on any sign of surface oxidation or corrosion.,Non corroded/ No rust NA,Rule A,Surface is clean and nominal.,0,SAFE,Dataset/Pipes/Non defected/pipe_non_corroded (7).jpg,Data_Preprocessed/pipe_non_corroded (7).jpg,,Reasoning: 0.6 is greater than 0.5. 0.6 is not below 0.5.,3
196,pipe_non_corroded (7).jpg,pipeline,,Non corroded/ No rust,,"Surface rust is acceptable. Alert only for structural defects, dents, cracks, or leaks.",Non corroded/ No rust NA,Rule B,Surface is clean and nominal.,0,SAFE,Dataset/Pipes/Non defected/pipe_non_corroded (7).jpg,Data_Preprocessed/pipe_non_corroded (7).jpg,,Reasoning: 0.6 bar is not below 0.5 bar. 0.6 bar is above 0.5 bar. 0.6 bar is not below 0.5 bar. 0.6 bar is not below 0.5 bar. 0.6 bar is not below 0.5 bar. 0.6 bar is not below 0.5 bar. 0.6 bar is not below 0.5 bar. 0.6 bar is not below 0.5 bar. 0.6 bar is not below 0.5 bar. 0.6,3
197,pipe_non_corroded (8).jpg,pipeline,,Non corroded/ No rust,,Alert on any sign of surface oxidation or corrosion.,Non corroded/ No rust NA,Rule A,Surface is clean and nominal.,0,SAFE,Dataset/Pipes/Non defected/pipe_non_corroded (8).jpg,Data_Preprocessed/pipe_non_corroded (8).jpg,,"Reasoning: 0.6 bar is greater than 0.5 bar, so it's safe.",3
198,pipe_non_corroded (8).jpg,pipeline,,Non corroded/ No rust,,"Surface rust is acceptable. Alert only for structural defects, dents, cracks, or leaks.",Non corroded/ No rust NA,Rule B,Surface is clean and nominal.,0,SAFE,Dataset/Pipes/Non defected/pipe_non_corroded (8).jpg,Data_Preprocessed/pipe_non_corroded (8).jpg,,Reasoning: 0.6 bar is not above 0.5 bar. 0.6 is below 0.5. 0.6 is safe.,3
199,pipe_non_corroded (9).jpg,pipeline,,Non corroded/ No rust,,Alert on any sign of surface oxidation or corrosion.,Non corroded/ No rust NA,Rule A,Surface is clean and nominal.,0,SAFE,Dataset/Pipes/Non defected/pipe_non_corroded (9).jpg,Data_Preprocessed/pipe_non_corroded (9).jpg,,Reasoning: 0.6 bar is greater than 0.5 bar. 0.6 is not less than 0.5.,3
200,pipe_non_corroded (9).jpg,pipeline,,Non corroded/ No rust,,"Surface rust is acceptable. Alert only for structural defects, dents, cracks, or leaks.",Non corroded/ No rust NA,Rule B,Surface is clean and nominal.,0,SAFE,Dataset/Pipes/Non defected/pipe_non_corroded (9).jpg,Data_Preprocessed/pipe_non_corroded (9).jpg,,Reasoning: 0.6 bar is not above 0.5 bar. 0.6 bar is not below 0.5 bar.,3
