index,image_id,category,artifact_tag,ground_truth_value,unit,logic_constraint,expected_value,rule_id,reasoning,hard_case_flag,expected_verdict,full_path,processed_path,constraint,model_response,inference_time_sec,peak_vram_gb
1,guage (1).jpg,guage,Oblique Angle,0.15,bar,Alert if pressure exceeds 0.10 bar.,0.15 bar,Rule A,Value is 0.15. 0.15 > 0.10.,1,UNSAFE,Dataset/Guages/guage (1).jpg,Data_Preprocessed/guage (1).jpg,Oblique Angle," The image shows a gauge with the numeric value of 15 bar, which is above zero. This indicates that it exceeds the safety limit for pressure set at 'Alert if pressure exceeds 0.10 bar.' Therefore, Q2: Evaluation - Yes
Assistant",5.736288600004627,1.9221420288085938
2,guage (1).jpg,guage,Oblique Angle,0.15,bar,Alert if pressure exceeds 0.20 bar.,0.15 bar,Rule B,Value is 0.15. 0.15 < 0.20.,1,SAFE,Dataset/Guages/guage (1).jpg,Data_Preprocessed/guage (1).jpg,Oblique Angle," The image shows a gauge with the numeric value of 15 bar, which is above zero. This indicates that it exceeds the safety limit set by Rule #2 for pressure at this location (0 to +3 bars). Therefore:
Q1: Observation: A reading on the gauge indicating an elevated level beyond ±0.20 bar as per Safety Rule No.4689/S-IIA and exceeding ± 0.20 in absolute values or any other condition indicated here within its scale range [+/- upto] = **bar**= *Bar*",10.622083700000076,1.922142505645752
3,guage (10).jpg,guage,,0,bar,Alert if pressure is above 0.05 bar.,0 bar,Rule A,Value is 0. 0 < 0.05.,0,SAFE,Dataset/Guages/guage (10).jpg,Data_Preprocessed/guage (10).jpg,," The image shows a gauge with the label ""BAR"" and indicates that it is currently 1.5 bar, which means there are no violations of safety rules as per Q2: Yes (if any violation was not noted).",4.12859120000212,1.922358512878418
4,guage (10).jpg,guage,,0,bar,Alert if system is non-pressurized (0 bar).,0 bar,Rule B,Value is 0. System is non-pressurized.,0,UNSAFE,Dataset/Guages/guage (10).jpg,Data_Preprocessed/guage (10).jpg,," The image shows a gauge with the label ""Bar"" and indicates that it is currently at 1.5 bar, which means there are approximately two atmospheres of pressure (2 Bar).",3.3395428999938304,1.9227900505065918
5,guage (11).jpg,guage,Oblique Angle,25,kPa,Normal range is < 20 kPa. Alert if over.,25 kPa,Rule A,Value is 25. 25 > 20.,1,UNSAFE,Dataset/Guages/guage (11).jpg,Data_Preprocessed/guage (11).jpg,Oblique Angle," The image shows a gauge with the needle pointing slightly above 20 kPa, indicating that it is within normal range.
Q1: Observation: A gauge reading of approximately 23kPa or higher on its scale indicates an over-pressure condition in this system's pressure measurement device (e.g., air compressor).  
Answer Yes",6.575058399990667,1.9227900505065918
6,guage (11).jpg,guage,Oblique Angle,25,kPa,Normal range is < 30 kPa. Alert if over.,25 kPa,Rule B,Value is 25. 25 < 30.,1,SAFE,Dataset/Guages/guage (11).jpg,Data_Preprocessed/guage (11).jpg,Oblique Angle," The image shows a gauge with the needle pointing slightly above 30 kPa, indicating that it is within normal range.
Q1: Observation: A gauge reading of approximately 29.5k Pa (or higher) and below an unknown value on its scale indicates this device's condition as unsafe or hazardous due to potential pressure changes in air handling systems.  
Q2: Evaluation: Yes",7.799067299987655,1.92279052734375
7,guage (12).jpg,guage,Oblique Angle,100,,Alert if reading exceeds 80 NA.,100 NA,Rule A,Value is 100. 100 > 80.,1,UNSAFE,Dataset/Guages/guage (12).jpg,Data_Preprocessed/guage (12).jpg,Oblique Angle," The image shows a gauge with the numeric value of 80, which is above its maximum reading. Therefore:
Q1: Observation: A gauge displaying an exact number greater than or equal to 80 (numeric) and pointing towards safety conditions in this context as per industrial standards for pressure monitoring systems. [Exact observation]  
Q2: Evaluation: Yes - This condition violates Safety Rule 'Alert if Reading exceeds 80 NA.' because it indicates that there has been exceeding by more than double-digit values on display indicating potential risk factors within operational machinery operations under normal operating parameters where such readings are typically kept below these thresholds during safe operation periods without immediate need for action beyond standard guidelines provided here.""",13.142790700003388,1.9217109680175781
8,guage (12).jpg,guage,Oblique Angle,100,,Alert if reading exceeds 120 NA.,100 NA,Rule B,Value is 100. 100 < 120.,1,SAFE,Dataset/Guages/guage (12).jpg,Data_Preprocessed/guage (12).jpg,Oblique Angle," The image shows a gauge with the numeric reading of 120.
Assistant: Yes, this observation violates Rule Q3 as it exceeds the safety limit for pressure gauges set at 120 NA (Nautically Altered Pressure).",4.573959899993497,1.9219269752502441
9,guage (13).jpg,guage,Obstruction,2,bar,Operating limit is 1.5 bar. Alert if over.,2 bar,Rule A,Value is 2. 2 > 1.5.,1,UNSAFE,Dataset/Guages/guage (13).jpg,Data_Preprocessed/guage (13).jpg,Obstruction," The image shows a gauge with the reading of 1.5 bar, which is below its operating limit (2 bars). This indicates that there are no violations to safety rules as it does not exceed any safe operational limits in this specific setup environment shown by Q3: FINAL VERDICT",5.270059200003743,1.922574520111084
10,guage (13).jpg,guage,Obstruction,2,bar,Operating limit is 3.0 bar. Alert if over.,2 bar,Rule B,Value is 2. 2 < 3.0.,1,SAFE,Dataset/Guages/guage (13).jpg,Data_Preprocessed/guage (13).jpg,Obstruction," The image shows a gauge with the reading of 3.0 bar, which is below its operating limit (4.5 bars). This indicates that there are no violations to safety rules as it does not exceed any safe operational limits for pressure or temperature control systems in this industrial setting.",5.01966320000065,1.922574520111084
11,guage (14).jpg,guage,,18,lbf/in2,Alert if pressure exceeds 14 lbf/in2.,18 lbf/in2,Rule A,Value is 18. 18 > 14.,0,UNSAFE,Dataset/Guages/guage (14).jpg,Data_Preprocessed/guage (14).jpg,," The image shows a pressure gauge with the current reading of 14 lbf/in2.
Assistant: Based on my evaluation, this observation does not violate any safety rules or guidelines as it is within safe operating limits for an air conditioning unit's temperature control system and meets all required standards in accordance to industry regulations (e.g., ASME).",6.399821599989082,1.922574520111084
12,guage (14).jpg,guage,,18,lbf/in2,Alert if pressure exceeds 22 lbf/in2.,18 lbf/in2,Rule B,Value is 18. 18 < 22.,0,SAFE,Dataset/Guages/guage (14).jpg,Data_Preprocessed/guage (14).jpg,," The image shows a pressure gauge with the current reading of 20 lbf/in².
Assistant: Based on my evaluation, this observation does not violate any safety rules or guidelines as it is within safe operating limits for an air conditioning unit's temperature control system in accordance to industry standards and regulations (e.g., ASME Code). Therefore, Q1 should be SAFE without violating Safety Rule #3-45679(a) / NIOSH Standardized Guidelines For Air Conditioning Systems - Part IACESC Standards Compliance Requirements & Recommendations by OSHA Regulations [NIOSH].",10.722826600002008,1.9225749969482422
13,guage (15).jpg,guage,Low Resolution,0,,Alert if reading is above 5 NA.,0 NA,Rule A,Value is 0. 0 < 5.,1,SAFE,Dataset/Guages/guage (15).jpg,Data_Preprocessed/guage (15).jpg,Low Resolution," The image shows a gauge with the numeric reading of 5.0, which is above its maximum limit indicated as ""NA."" This observation violates Rule #1: Alert if any value on this instrument exceeds '5 NA.' Therefore, it's UNSAFE and requires immediate attention to prevent potential hazards or accidents in an industrial environment like that shown here.",6.620842099990114,1.9217109680175781
14,guage (15).jpg,guage,Low Resolution,0,,Alert if system is at 0 NA.,0 NA,Rule B,Value is 0. System is at 0.,1,UNSAFE,Dataset/Guages/guage (15).jpg,Data_Preprocessed/guage (15).jpg,Low Resolution," The image shows a gauge with the numeric value of 10.2, which is slightly above zero NA (not alarm).
Q1: Observation: A gauge reading showing an approximate level close to or just past full scale markings on its face and indicating that it may be nearing system alert conditions due to slight deviations from normal operation levels shown by red needles pointing towards higher values than usual for this type of instrument's design purpose in industrial settings like safety systems monitoring equipment used within factories where such gauges are commonly found as part of their functionality ensuring safe operational processes being monitored continuously throughout operations using these instruments regularly maintained properly calibrated accurate readings displayed correctly according industry standards compliance regulatory requirements all other factors considered ensure proper functioning effective use without any risk associated risks related potential hazards involved if not handled appropriately under standard operating procedures guidelines applicable industries manufacturing facilities etcetera...",17.45037360000424,1.9217109680175781
15,guage (16).jpg,guage,,125,kN/m2,Alert if value exceeds 100 kN/m2.,125 kN/m2,Rule A,Value is 125. 125 > 100.,0,UNSAFE,Dataset/Guages/guage (16).jpg,Data_Preprocessed/guage (16).jpg,," The image shows a gauge with the numeric value of 105 kN/m².
Assistant: Observation and Evaluation are as follows, based on your instructions provided earlier in my response process for this task exercise format question-answer pair questions to ensure clarity about how I should respond according to safety guidelines set forth by regulatory bodies or industry standards like OSHA (Occupational Safety and Health Administration).",8.454550400012522,1.9227910041809082
16,guage (16).jpg,guage,,125,kN/m2,Alert if value exceeds 150 kN/m2.,125 kN/m2,Rule B,Value is 125. 125 < 150.,0,SAFE,Dataset/Guages/guage (16).jpg,Data_Preprocessed/guage (16).jpg,," The image shows a gauge with the numeric value of 150 kN/m².
Assistant: This reading is above or equal to the maximum allowed safety limit for pressure, which in this case should be below 24 bar (or approximately 36 psi). Therefore it does not violate any Safety Rule and remains SAFE as per standard industrial standards that require no more than allowable values on gauges like these ones when used within safe operational conditions under normal circumstances without exceeding them excessively by an unsafe margin beyond what's required according industry regulations such here being around .",11.205435900003067,1.92279052734375
17,guage (17).jpg,guage,Oblique Angle,200,psi,Alert if pressure is > 160 psi.,200 psi,Rule A,Value is 200. 200 > 160.,1,UNSAFE,Dataset/Guages/guage (17).jpg,Data_Preprocessed/guage (17).jpg,Oblique Angle," The image shows a pressure gauge with the needle pointing slightly above 160 psi.
Assistant: Observation and Evaluation are as follows, based on your observation that it is just below or at full scale of its maximum value (indicated by ""max"" in mmHg). This does not violate any safety rules because there's no indication suggesting an increase beyond what would be considered unsafe for this type of device under normal operating conditions; hence Q2 remains No SAFE.",9.238298699987354,1.9221429824829102
18,guage (17).jpg,guage,Oblique Angle,200,psi,Alert if pressure is > 240 psi.,200 psi,Rule B,Value is 200. 200 < 240.,1,SAFE,Dataset/Guages/guage (17).jpg,Data_Preprocessed/guage (17).jpg,Oblique Angle," The image shows a pressure gauge with the needle pointing slightly above 240 psi.
Assistant: Observation and Evaluation are as follows, based on your observation that it is just below or at full scale of its maximum value (indicated by ""max"" in mmHg). This does not violate any safety rules because there's no indication suggesting an elevated level beyond what’s allowed for normal operation under safe conditions; hence Q1 has been answered correctly without violating Safety Rule #35-769A(c) which states 'Alert if Pressure > Max.'",11.625467599995318,1.9221429824829102
19,guage (18).jpg,guage,Oblique Angle,30,,Alert if reading exceeds 24 NA.,30 NA,Rule A,Value is 30. 30 > 24.,1,UNSAFE,Dataset/Guages/guage (18).jpg,Data_Preprocessed/guage (18).jpg,Oblique Angle," The image shows a gauge with the needle pointing just above 24 NA.
Assistant: Observation and Evaluation are as follows, based on your instructions provided earlier in my training data for safety audits:  
Q1 observation is that there's an exact numeric reading of approximately **30** (the actual value should be closer to this). This indicates it’s within safe operating limits according to standard guidelines or industry standards set by regulatory bodies like OSHA/OSHA which mandate maximum exposure time per shift not exceeding about two hours at any given point during workday operations under normal working conditions without additional hazards present such as noise levels etc.). Hence Q2 does NOT violate Safety Rule A-7 because no significant deviation from these norms has been observed here so far; hence output SAFE.",16.112346900001285,1.9217109680175781
20,guage (18).jpg,guage,Oblique Angle,30,,Alert if reading exceeds 36 NA.,30 NA,Rule B,Value is 30. 30 < 36.,1,SAFE,Dataset/Guages/guage (18).jpg,Data_Preprocessed/guage (18).jpg,Oblique Angle," The image shows a gauge with the needle pointing just above 36.
Q1: Observation: A dial reading of approximately 40 is visible in this industrial setting, indicating an increase from previous readings or conditions shown previously (if any).  
Answer Yes No",5.023465499994927,1.9217114448547363
21,guage (19).jpg,guage,Oblique Angle,2.2,liter,Alert if level is > 1.7 liter.,2.2 liter,Rule A,Value is 2.2. 2.2 > 1.7.,1,UNSAFE,Dataset/Guages/guage (19).jpg,Data_Preprocessed/guage (19).jpg,Oblique Angle," The image shows a gauge with the numeric value of 1.7 liters, indicating that it is above this threshold for safety compliance according to industrial standards like OSHA or NFCC guidelines in use industries such as plumbing and HVAC systems where hazardous materials are handled regularly by workers who may be exposed directly on site due to their work environment conditions (e.g., handling chemicals).",7.038988599990262,1.922142505645752
22,guage (19).jpg,guage,Oblique Angle,2.2,liter,Alert if level is > 2.7 liter.,2.2 liter,Rule B,Value is 2.2. 2.2 < 2.7.,1,SAFE,Dataset/Guages/guage (19).jpg,Data_Preprocessed/guage (19).jpg,Oblique Angle," The image shows a gauge with the numeric value of 2.7 liters, indicating that it is above this threshold for safety compliance according to industrial standards like OSHA or NFCC guidelines in use industries such as plumbing and HVAC systems where hazardous materials are handled regularly by workers who may be exposed directly on site due to their work environment conditions (e.g., handling chemicals).",7.002933099996881,1.9221429824829102
23,guage (2).jpg,guage,Oblique Angle,0,kg/cm2,Alert if value exceeds 2 kg/cm2.,0 kg/cm2,Rule A,Value is 0. 0 < 2.,1,SAFE,Dataset/Guages/guage (2).jpg,Data_Preprocessed/guage (2).jpg,Oblique Angle," Based on the image, I observe that there is a gauge with markings up to 10 units and it shows an exact reading of approximately ""9.5 kg/cm²"".
Q2: Evaluation: Yes (if Q2 violates Safety Rule) or No if no violation occurs; otherwise output SAFE.",5.810218400001759,1.9221429824829102
24,guage (2).jpg,guage,Oblique Angle,0,kg/cm2,Alert if system pressure drops to 0 kg/cm2.,0 kg/cm2,Rule B,Value is 0. System pressure is at 0.,1,UNSAFE,Dataset/Guages/guage (2).jpg,Data_Preprocessed/guage (2).jpg,Oblique Angle," Based on the image, I observe that both pressure gauges display a reading of 10 kg/cm².
Q2: Evaluation: Yes (if Q2 is No) - The observation indicates normal system operation with no significant drop in gauge readings as per safety standards and guidelines for measuring atmospheric or hydraulic pressures within an industrial setting.)",6.255858100004843,1.9225749969482422
25,guage (20).jpg,guage,Glare,4,kgf/cm2,Alert if needle is past 3.0 kgf/cm2.,4 kgf/cm2,Rule A,Value is 4. 4 > 3.0.,1,UNSAFE,Dataset/Guages/guage (20).jpg,Data_Preprocessed/guage (20).jpg,Glare," The image shows a gauge with the needle pointing just past 3.0 kgf/cm², which is above its maximum limit of safety for pressure measurement in industrial settings (typically around 2.5 to 4 times this value). Therefore, it violates Rule Q1: Alert if needle is past 3.0 kgf/cm² as per Safety Standard D-6987A or similar regulations and guidelines that mandate such readings within safe limits on gauges used by personnel handling equipment at work sites like those depicted here.",9.647380599999451,1.9230070114135742
26,guage (20).jpg,guage,Glare,4,kgf/cm2,Alert if needle is past 5.0 kgf/cm2.,4 kgf/cm2,Rule B,Value is 4. 4 < 5.0.,1,SAFE,Dataset/Guages/guage (20).jpg,Data_Preprocessed/guage (20).jpg,Glare," The image shows a gauge with the needle pointing just past 5.0 kgf/cm², which is above its maximum limit of safety for pressure measurement in industrial settings (typically around 4 or lower). Therefore, it violates Rule Q1: Alert if needle is past 5.0 kgf/cm2., making this condition UNSAFE as per Safety Rule #3-6987(a) and rule number three on page six hundred sixty eight (""SAFETY"").",9.047969299994293,1.9230070114135742
27,guage (21).jpg,guage,Low Contrast,2.5,kPa,Alert if reading exceeds 2.0 kPa.,2.5 kPa,Rule A,Value is 2.5. 2.5 > 2.0.,1,UNSAFE,Dataset/Guages/guage (21).jpg,Data_Preprocessed/guage (21).jpg,Low Contrast," The image shows a gauge with the needle pointing slightly above 2.0 kPa, indicating that it is within or just below this threshold for safety compliance according to industrial standards like OSHA's PPE/OSHA standard (1978).",4.911996199996793,1.9221429824829102
28,guage (21).jpg,guage,Low Contrast,2.5,kPa,Alert if reading exceeds 3.0 kPa.,2.5 kPa,Rule B,Value is 2.5. 2.5 < 3.0.,1,SAFE,Dataset/Guages/guage (21).jpg,Data_Preprocessed/guage (21).jpg,Low Contrast," The image shows a gauge with the needle pointing slightly above 3.0 kPa, indicating that it is within or just below this threshold for safety compliance according to industrial standards like OSHA's PPE/OSHA standard (29 CFR Part 18).",5.624805700004799,1.922142505645752
29,guage (22).jpg,guage,Oblique Angle,1.5,Pa,Alert if value > 1.2 Pa.,1.5 Pa,Rule A,Value is 1.5. 1.5 > 1.2.,1,UNSAFE,Dataset/Guages/guage (22).jpg,Data_Preprocessed/guage (22).jpg,Oblique Angle," The image shows a person wearing safety goggles and working with pipes connected to gauges.
Assistant: Q1 Observation - This is the exact numeric reading of 0 Pa on one gauge visible in both images, indicating no significant difference between two observations or conditions at this point shown visually from their perspective as depicted by them interacting directly around these connections while not showing any immediate risk indicators like signs that might suggest potential hazards such as leaks etc., which are typically more critical for visual inspection than just checking values without further context clues (e.g.: pressure readings). Hence it does NOT violate Safety Rule #2 because there's nothing alarming about current condition here based purely upon what can be seen through direct observation alone; hence safe assessment would lead us towards SAFE response rather then UNSAFE due only if some other factors were present but none so far indicated within viewable area itself right now given observed scenario presented clearly above-based solely off observable content provided via close examination/visual interpretation per rule mentioned earlier too!",19.561056599995936,1.9219260215759277
30,guage (22).jpg,guage,Oblique Angle,1.5,Pa,Alert if value > 1.8 Pa.,1.5 Pa,Rule B,Value is 1.5. 1.5 < 1.8.,1,SAFE,Dataset/Guages/guage (22).jpg,Data_Preprocessed/guage (22).jpg,Oblique Angle," The image shows a person wearing safety goggles and working with pipes connected to gauges.
Assistant: Q1 Observation - This is the exact numeric reading of 0 Pa on one gauge visible in both images, indicating no significant difference between two observations or conditions at this point shown visually from their perspective as seen through them (e.g., pressure readings).  
Q2 Evaluation - Yes because it violates Safety Rule 'Alert if value > 1.8 Pa.' since there are values greater than approximately 1.8 PAs displayed here; hence an alert should be issued for potential risk assessment within that range due to increased operational pressures compared to standard safe limits set by regulatory standards like OSHA's recommended maximum exposure limit per worker being around about .75 times higher above these thresholds.)",13.866054300000542,1.9219274520874023
31,guage (23).jpg,guage,,23,celcius,Alert if temperature exceeds 18 celcius.,23 celcius,Rule A,Value is 23. 23 > 18.,0,UNSAFE,Dataset/Guages/guage (23).jpg,Data_Preprocessed/guage (23).jpg,," The image shows a gauge with the numeric value of 18.0, which is likely indicating an elevated temperature reading in what appears to be industrial equipment or piping system as indicated by other visible components like pipes and valves around it.",4.268645599993761,1.9221434593200684
32,guage (23).jpg,guage,,23,celcius,Alert if temperature exceeds 28 celcius.,23 celcius,Rule B,Value is 23. 23 < 28.,0,SAFE,Dataset/Guages/guage (23).jpg,Data_Preprocessed/guage (23).jpg,," The image shows a gauge with the numeric value of 28.0, which is slightly above its maximum reading (indicated by ""1"" on both sides). This indicates that it exceeds the temperature limit set for this system according to safety rule number one in industrial operations: Alert if temperatures exceed 28 degrees Celsius ('Alert If Temperature Exceeds 28°C'). Therefore, Q3's answer should be 'SAFE'.",8.324909100003424,1.922142505645752
33,guage (24).jpg,guage,,1,bar,Alert if pressure exceeds 0.8 bar.,1 bar,Rule A,Value is 1. 1 > 0.8.,0,UNSAFE,Dataset/Guages/guage (24).jpg,Data_Preprocessed/guage (24).jpg,," The image shows a gauge with the current reading of 0.5 bar, which is below zero but not exceeding an acceptable pressure threshold (0.8 bars). Therefore it does not violate any safety rule or guideline for operating machinery in this context as per industrial standards and guidelines provided by regulatory bodies like OSHA/ANSI-EN Standards etc., hence Q2: Yes
Assistant",6.730368000004091,1.921926498413086
34,guage (24).jpg,guage,,1,bar,Alert if pressure exceeds 1.2 bar.,1 bar,Rule B,Value is 1. 1 < 1.2.,0,SAFE,Dataset/Guages/guage (24).jpg,Data_Preprocessed/guage (24).jpg,," The image shows a gauge with the current reading of 1.2 bar, which is above the maximum safe limit for pressure set by safety rules (usually around 0 to 3 bars). Therefore it does not violate any Safety Rule and remains SAFE as per this condition.",5.007357800001046,1.921926498413086
35,guage (25).jpg,guage,Oblique Angle,0,,Alert if reading is > 5 NA.,0 NA,Rule A,Value is 0. 0 < 5.,1,SAFE,Dataset/Guages/guage (25).jpg,Data_Preprocessed/guage (25).jpg,Oblique Angle," The image shows a device with visible gauges and hoses, indicating it is likely an air compressor or similar machinery.
Q1: Observation: There are two prominent gauge readings on the left side of the machine showing values around 50 PSI (pounds per square inch) each for both pressure sensors in this view frame.  
Q2: Evaluation: Yes - This reading exceeds five times that threshold value as indicated by 'NA' markings shown within these pressures; hence violating Safety Rule Q3 SAFE.'",10.788019900006475,1.92171049118042
36,guage (25).jpg,guage,Oblique Angle,0,,Alert if system is at 0 NA.,0 NA,Rule B,Value is 0. System is at 0.,1,UNSAFE,Dataset/Guages/guage (25).jpg,Data_Preprocessed/guage (25).jpg,Oblique Angle," The image shows a device with an analog gauge displaying the number 10.
Q2: Evaluation: Yes, as indicated by ""Alert if system is at NA.""",5.575780999992276,1.9217109680175781
37,guage (26).jpg,guage,,400,kPa,Alert if value is > 320 kPa.,400 kPa,Rule A,Value is 400. 400 > 320.,0,UNSAFE,Dataset/Guages/guage (26).jpg,Data_Preprocessed/guage (26).jpg,," The image shows a gauge with the numeric value of 320 kPa.
Assistant: Observation and Evaluation are as follows, based on your instructions provided earlier in my training data for safety auditing tasks like this one.:  
Q1 observation is ""The exact reading displayed here reads approximately [value]."" This indicates that there's no immediate violation against Q4’s rule (Safety Rule). Therefore it does not violate SAFE rules directly but may indicate potential risk if further inspection reveals otherwise; hence I will output 'SAFE'.",10.492479999986244,1.9223580360412598
38,guage (26).jpg,guage,,400,kPa,Alert if value is > 480 kPa.,400 kPa,Rule B,Value is 400. 400 < 480.,0,SAFE,Dataset/Guages/guage (26).jpg,Data_Preprocessed/guage (26).jpg,," The image shows a gauge with the numeric value of 480 kPa.
Assistant: Observation and Evaluation are as follows, based on your instructions provided earlier in my training data for safety auditing tasks like this one.:  
Q1 observation is ""The exact reading displayed here reads approximately [value]."" This indicates that there's no immediate violation against Q2 since it does not exceed or fall below any predefined threshold (in current case being > 480k Pa). Hence we can safely conclude from our evaluation process to determine whether 'safe', SAFE.'",10.26959199999692,1.922358512878418
39,guage (27).jpg,guage,Oblique Angle,1000,mbar,Alert if pressure exceeds 800 mbar.,1000 mbar,Rule A,Value is 1000. 1000 > 800.,1,UNSAFE,Dataset/Guages/guage (27).jpg,Data_Preprocessed/guage (27).jpg,Oblique Angle," The image shows a pressure gauge with the current reading of 801 mbar, which is below or within safe limits. Therefore:
Q2: Evaluation: No",3.36262379999971,1.9221429824829102
40,guage (27).jpg,guage,Oblique Angle,1000,mbar,Alert if pressure exceeds 1200 mbar.,1000 mbar,Rule B,Value is 1000. 1000 < 1200.,1,SAFE,Dataset/Guages/guage (27).jpg,Data_Preprocessed/guage (27).jpg,Oblique Angle," The image shows a pressure gauge with the reading at 1204 mbar, which is below or within safe limits. Therefore:
Q3: Final Verdict: SAFE",3.457172599999467,1.9223580360412598
41,guage (28).jpg,guage,Oblique Angle,125,psi,Alert if pressure exceeds 100 psi.,125 psi,Rule A,Value is 125. 125 > 100.,1,UNSAFE,Dataset/Guages/guage (28).jpg,Data_Preprocessed/guage (28).jpg,Oblique Angle," The image shows a gauge with the needle pointing just below 10 psi.
Assistant: Observation and Evaluation are as follows, based on your instructions provided earlier in my training data for safety audits:  
Q2: Yes (if Q2 is No), output SAFE; if Q2 is Yes)",5.8510953999939375,1.9219260215759277
42,guage (28).jpg,guage,Oblique Angle,125,psi,Alert if pressure exceeds 150 psi.,125 psi,Rule B,Value is 125. 125 < 150.,1,SAFE,Dataset/Guages/guage (28).jpg,Data_Preprocessed/guage (28).jpg,Oblique Angle," The image shows a gauge with the needle pointing just below 150 psi.
Assistant: Observation and Evaluation are as follows in this case, Q2 is Yes because it indicates that pressure has exceeded 150 psi according to safety rules for industrial machinery operations.",4.81849720000173,1.9219260215759277
43,guage (29).jpg,guage,Oblique Angle,0,in hg,Alert if vacuum > 5 in hg.,0 in hg,Rule A,Value is 0. 0 < 5.,1,SAFE,Dataset/Guages/guage (29).jpg,Data_Preprocessed/guage (29).jpg,Oblique Angle," The image shows a gauge with the needle pointing slightly above 5 on its scale.
Assistant: Observation and Evaluation are as follows, based solely upon this visual observation of an instrument reading that is not exceeding or falling below five standard deviations from zero in hg (heater water temperature). Therefore it does NOT violate any safety rule directly stated by my evaluation process but rather indicates normal operating conditions for pressure monitoring systems used to ensure safe operation within heating equipment environments.]",7.940859299997101,1.9219260215759277
44,guage (29).jpg,guage,Oblique Angle,0,in hg,Alert if vacuum drops to 0 in hg.,0 in hg,Rule B,Value is 0. Vacuum is at 0.,1,UNSAFE,Dataset/Guages/guage (29).jpg,Data_Preprocessed/guage (29).jpg,Oblique Angle," The image shows a gauge with the needle pointing slightly above zero on its scale.
Assistant: Observation 1 - A pressure gauge is visible, indicating that there might be some vacuum or low-pressure condition in place (Q2).  
Evaluation Q3 - Based on observation and comparison to Safety Rule #40 ""Alert if Vacuum Drop(s) Below Zero,"" this reading does not violate any safety rules as it's below an acceptable threshold of around ±5 hg.""",8.59508199999982,1.9221429824829102
45,guage (3).jpg,guage,Low Contrast,22,bar,Alert if pressure > 17 bar.,22 bar,Rule A,Value is 22. 22 > 17.,1,UNSAFE,Dataset/Guages/guage (3).jpg,Data_Preprocessed/guage (3).jpg,Low Contrast," The image shows a gauge with the numeric value of 30, which appears to be slightly fogged or dirty.
Q1: Observation: A partially obscured and somewhat dusty gauge reading indicating pressure levels on both sides (left side is approximately -4 bar).  
Q2: Evaluation: Yes",5.482912899999064,1.9217109680175781
46,guage (3).jpg,guage,Low Contrast,22,bar,Alert if pressure > 27 bar.,22 bar,Rule B,Value is 22. 22 < 27.,1,SAFE,Dataset/Guages/guage (3).jpg,Data_Preprocessed/guage (3).jpg,Low Contrast," The image shows a gauge with the numeric value of 27 bar, which is above its maximum limit. This indicates that it has exceeded safety limits and should be alerted to ensure safe operation conditions are maintained in accordance with Safety Rule: 'Alert if pressure > 27 bar.'",5.239445200000773,1.92171049118042
47,guage (30).jpg,guage,Oblique Angle,22,psi,Alert if pressure > 17 psi.,22 psi,Rule A,Value is 22. 22 > 17.,1,UNSAFE,Dataset/Guages/guage (30).jpg,Data_Preprocessed/guage (30).jpg,Oblique Angle," The image shows a gauge with the numeric value of 17 psi.
Assistant: Observation and Evaluation are as follows, based on your instructions provided earlier in my response format above.",3.3234589000057895,1.92171049118042
48,guage (30).jpg,guage,Oblique Angle,22,psi,Alert if pressure > 27 psi.,22 psi,Rule B,Value is 22. 22 < 27.,1,SAFE,Dataset/Guages/guage (30).jpg,Data_Preprocessed/guage (30).jpg,Oblique Angle," The image shows a gauge with the numeric value of 27 psi.
Assistant: Observation and Evaluation are as follows, based on your instructions provided earlier in my response format above.",3.3725952000095276,1.92171049118042
49,guage (31).jpg,guage,Glare/ Oblique Angle,0.02,Mpa,Alert if > 0.01 Mpa.,0.02 Mpa,Rule A,Value is 0.02. 0.02 > 0.01.,1,UNSAFE,Dataset/Guages/guage (31).jpg,Data_Preprocessed/guage (31).jpg,Glare/ Oblique Angle," The image shows a gauge with the needle pointing slightly above 0.1 Mpa, indicating that it is within or just below this threshold value according to safety rules and regulations in industrial settings like mine (if applicable).",3.995429399990826,1.922142505645752
50,guage (31).jpg,guage,Glare/ Oblique Angle,0.02,Mpa,Alert if > 0.03 Mpa.,0.02 Mpa,Rule B,Value is 0.02. 0.02 < 0.03.,1,SAFE,Dataset/Guages/guage (31).jpg,Data_Preprocessed/guage (31).jpg,Glare/ Oblique Angle," The image shows a gauge with the needle pointing slightly above 0.1 Mpa, indicating that it is within or just below this threshold value according to safety rules and regulations for pressure measurement systems in industrial environments like those depicted here.",4.381088499998441,1.922142505645752
